T,min_dir_prob,min_sell_dir_prob,min_edge_ratio,cal_n_act,cal_n_buy,cal_n_sell,cal_coverage,cal_hit_rate,cal_expectancy_pct,cal_win_rate,cal_sharpe,oos_n_act,oos_n_buy,oos_n_sell,oos_coverage,oos_hit_rate,oos_expectancy_pct,oos_win_rate,oos_sharpe
0.6000,0.5000,0.5000,3.0000,1332,734,598,0.2329,0.4159,-0.1899,0.3416,-3.7279,3191,1660,1531,0.2391,0.3949,-0.2139,0.3272,-4.0475
0.6000,0.5000,0.5000,4.0000,885,472,413,0.1547,0.4169,-0.2091,0.3299,-3.8261,2106,1098,1008,0.1578,0.4046,-0.1943,0.3428,-3.6311
0.6000,0.5000,0.5000,5.0000,576,323,253,0.1007,0.4236,-0.2061,0.3420,-3.7947,1270,677,593,0.0952,0.4150,-0.1830,0.3528,-3.2174
0.6000,0.5000,0.5000,6.0000,329,200,129,0.0575,0.3830,-0.2259,0.3343,-3.9394,722,425,297,0.0541,0.4030,-0.1958,0.3518,-3.3976
0.6000,0.5000,0.5000,7.0000,182,126,56,0.0318,0.3901,-0.2061,0.3407,-3.3686,434,281,153,0.0325,0.3940,-0.2170,0.3641,-3.4091
0.6000,0.5000,0.5000,8.0000,107,89,18,0.0187,0.4393,-0.2047,0.3551,-3.0655,244,172,72,0.0183,0.4262,-0.1495,0.3975,-2.1419
0.6000,0.5200,0.4800,3.0000,1334,727,607,0.2332,0.4175,-0.1841,0.3448,-3.6257,3181,1646,1535,0.2383,0.3952,-0.2148,0.3269,-4.0786
0.6000,0.5200,0.4800,4.0000,886,469,417,0.1549,0.4176,-0.2051,0.3318,-3.7634,2102,1092,1010,0.1575,0.4053,-0.1957,0.3425,-3.6712
0.6000,0.5200,0.4800,5.0000,578,322,256,0.1010,0.4221,-0.2043,0.3426,-3.7887,1270,676,594,0.0952,0.4150,-0.1826,0.3528,-3.2105
0.6000,0.5200,0.4800,6.0000,331,200,131,0.0579,0.3807,-0.2253,0.3353,-3.9402,722,424,298,0.0541,0.4030,-0.1951,0.3518,-3.3856
0.6000,0.5200,0.4800,7.0000,183,126,57,0.0320,0.3880,-0.2069,0.3388,-3.3907,435,281,154,0.0326,0.3931,-0.2172,0.3632,-3.4154
0.6000,0.5200,0.4800,8.0000,108,89,19,0.0189,0.4352,-0.2061,0.3519,-3.1000,245,172,73,0.0184,0.4245,-0.1500,0.3959,-2.1541
0.6000,0.5400,0.4600,3.0000,1335,719,616,0.2334,0.4202,-0.1795,0.3453,-3.5544,3167,1629,1538,0.2373,0.3960,-0.2154,0.3268,-4.1021
0.6000,0.5400,0.4600,4.0000,887,463,424,0.1551,0.4205,-0.1997,0.3326,-3.6895,2100,1087,1013,0.1573,0.4057,-0.1971,0.3419,-3.6978
0.6000,0.5400,0.4600,5.0000,578,318,260,0.1010,0.4256,-0.1957,0.3443,-3.6655,1270,673,597,0.0952,0.4150,-0.1858,0.3512,-3.2669
0.6000,0.5400,0.4600,6.0000,330,197,133,0.0577,0.3879,-0.2154,0.3394,-3.8065,723,423,300,0.0542,0.4039,-0.1964,0.3513,-3.4080
0.6000,0.5400,0.4600,7.0000,183,124,59,0.0320,0.3989,-0.1906,0.3443,-3.1832,437,281,156,0.0327,0.3936,-0.2202,0.3616,-3.4666
0.6000,0.5400,0.4600,8.0000,108,88,20,0.0189,0.4444,-0.2082,0.3519,-3.1300,247,172,75,0.0185,0.4251,-0.1559,0.3927,-2.2433
0.6000,0.5600,0.4400,3.0000,1329,712,617,0.2323,0.4214,-0.1795,0.3461,-3.5486,3152,1608,1544,0.2362,0.3956,-0.2164,0.3274,-4.1353
0.6000,0.5600,0.4400,4.0000,884,459,425,0.1545,0.4219,-0.2006,0.3326,-3.7012,2093,1076,1017,0.1568,0.4047,-0.1973,0.3421,-3.7187
0.6000,0.5600,0.4400,5.0000,576,316,260,0.1007,0.4271,-0.1954,0.3455,-3.6538,1266,666,600,0.0949,0.4147,-0.1858,0.3515,-3.2749
0.6000,0.5600,0.4400,6.0000,329,196,133,0.0575,0.3891,-0.2148,0.3404,-3.7901,724,421,303,0.0542,0.4047,-0.1936,0.3522,-3.3590
0.6000,0.5600,0.4400,7.0000,182,123,59,0.0318,0.4011,-0.1893,0.3462,-3.1540,437,279,158,0.0327,0.3959,-0.2153,0.3638,-3.3858
0.6000,0.5600,0.4400,8.0000,107,87,20,0.0187,0.4486,-0.2062,0.3551,-3.0865,247,170,77,0.0185,0.4291,-0.1473,0.3968,-2.1162
0.6000,0.5800,0.4200,3.0000,1313,694,619,0.2295,0.4227,-0.1802,0.3450,-3.5775,3132,1581,1551,0.2347,0.3972,-0.2173,0.3266,-4.1621
0.6000,0.5800,0.4200,4.0000,873,448,425,0.1526,0.4227,-0.2053,0.3299,-3.8036,2086,1063,1023,0.1563,0.4070,-0.1954,0.3423,-3.6907
0.6000,0.5800,0.4200,5.0000,571,311,260,0.0998,0.4256,-0.2026,0.3433,-3.8152,1261,656,605,0.0945,0.4171,-0.1820,0.3521,-3.2167
0.6000,0.5800,0.4200,6.0000,326,193,133,0.0570,0.3896,-0.2222,0.3374,-3.9512,718,412,306,0.0538,0.4067,-0.1901,0.3510,-3.3149
0.6000,0.5800,0.4200,7.0000,180,121,59,0.0315,0.4000,-0.2070,0.3389,-3.4912,434,273,161,0.0325,0.3986,-0.2119,0.3641,-3.3283
0.6000,0.5800,0.4200,8.0000,105,85,20,0.0184,0.4476,-0.2369,0.3429,-3.6017,246,166,80,0.0184,0.4309,-0.1399,0.3984,-2.0137
0.6000,0.6000,0.4000,3.0000,1302,679,623,0.2276,0.4240,-0.1751,0.3472,-3.4766,3094,1539,1555,0.2318,0.3992,-0.2142,0.3274,-4.1038
0.6000,0.6000,0.4000,4.0000,868,439,429,0.1517,0.4217,-0.1977,0.3329,-3.6691,2067,1041,1026,0.1549,0.4078,-0.1930,0.3430,-3.6404
0.6000,0.6000,0.4000,5.0000,570,306,264,0.0997,0.4246,-0.1966,0.3474,-3.6997,1254,647,607,0.0940,0.4163,-0.1803,0.3517,-3.1903
0.6000,0.6000,0.4000,6.0000,329,192,137,0.0575,0.3891,-0.2101,0.3435,-3.7529,715,407,308,0.0536,0.4042,-0.1905,0.3510,-3.3147
0.6000,0.6000,0.4000,7.0000,182,121,61,0.0318,0.4011,-0.1995,0.3462,-3.3700,431,268,163,0.0323,0.3944,-0.2127,0.3643,-3.3292
0.6000,0.6000,0.4000,8.0000,106,85,21,0.0185,0.4528,-0.2340,0.3491,-3.5736,244,163,81,0.0183,0.4221,-0.1349,0.3975,-1.9428
0.6000,0.6200,0.3800,3.0000,1282,659,623,0.2241,0.4267,-0.1751,0.3463,-3.4742,3055,1497,1558,0.2289,0.3990,-0.2176,0.3260,-4.2141
0.6000,0.6200,0.3800,4.0000,860,431,429,0.1503,0.4233,-0.1986,0.3314,-3.6912,2048,1020,1028,0.1534,0.4082,-0.1939,0.3418,-3.6757
0.6000,0.6200,0.3800,5.0000,565,301,264,0.0988,0.4265,-0.1988,0.3469,-3.7498,1246,638,608,0.0934,0.4173,-0.1755,0.3531,-3.1110
0.6000,0.6200,0.3800,6.0000,324,187,137,0.0566,0.3920,-0.2141,0.3426,-3.8363,711,402,309,0.0533,0.4051,-0.1856,0.3530,-3.2356
0.6000,0.6200,0.3800,7.0000,178,117,61,0.0311,0.4045,-0.2073,0.3427,-3.5232,428,265,163,0.0321,0.3949,-0.2097,0.3668,-3.2731
0.6000,0.6200,0.3800,8.0000,102,81,21,0.0178,0.4608,-0.2490,0.3431,-3.8235,242,161,81,0.0181,0.4215,-0.1307,0.4008,-1.8763
0.6000,0.6400,0.3600,3.0000,1262,636,626,0.2206,0.4255,-0.1743,0.3439,-3.4706,3010,1451,1559,0.2255,0.4000,-0.2161,0.3252,-4.1952
0.6000,0.6400,0.3600,4.0000,850,418,432,0.1486,0.4212,-0.2010,0.3271,-3.7528,2026,997,1029,0.1518,0.4087,-0.1929,0.3411,-3.6707
0.6000,0.6400,0.3600,5.0000,557,290,267,0.0974,0.4219,-0.2024,0.3411,-3.8515,1237,628,609,0.0927,0.4171,-0.1751,0.3525,-3.1264
0.6000,0.6400,0.3600,6.0000,322,182,140,0.0563,0.3851,-0.2180,0.3354,-3.9337,704,394,310,0.0527,0.4048,-0.1856,0.3509,-3.2783
0.6000,0.6400,0.3600,7.0000,177,114,63,0.0309,0.4011,-0.2046,0.3333,-3.4975,423,259,164,0.0317,0.3948,-0.2130,0.3641,-3.3778
0.6000,0.6400,0.3600,8.0000,100,78,22,0.0175,0.4600,-0.2442,0.3300,-3.7588,238,156,82,0.0178,0.4244,-0.1250,0.3992,-1.8210
0.6000,0.6600,0.3400,3.0000,1241,614,627,0.2170,0.4230,-0.1761,0.3433,-3.4992,2964,1401,1563,0.2221,0.4008,-0.2121,0.3249,-4.1423
0.6000,0.6600,0.3400,4.0000,838,405,433,0.1465,0.4177,-0.2041,0.3270,-3.8128,1999,968,1031,0.1498,0.4102,-0.1891,0.3402,-3.6142
0.6000,0.6600,0.3400,5.0000,550,282,268,0.0962,0.4164,-0.2031,0.3418,-3.8726,1224,614,610,0.0917,0.4158,-0.1761,0.3489,-3.1543
0.6000,0.6600,0.3400,6.0000,318,177,141,0.0556,0.3774,-0.2143,0.3365,-3.8638,700,389,311,0.0524,0.4029,-0.1901,0.3471,-3.3679
0.6000,0.6600,0.3400,7.0000,173,109,64,0.0302,0.3873,-0.1975,0.3353,-3.3680,421,256,165,0.0315,0.3919,-0.2173,0.3587,-3.4411
0.6000,0.6600,0.3400,8.0000,98,75,23,0.0171,0.4490,-0.2495,0.3265,-3.8215,237,154,83,0.0178,0.4177,-0.1308,0.3924,-1.9028
0.6000,0.6800,0.3200,3.0000,1222,594,628,0.2136,0.4231,-0.1748,0.3421,-3.4851,2912,1342,1570,0.2182,0.4014,-0.2149,0.3231,-4.2333
0.6000,0.6800,0.3200,4.0000,829,395,434,0.1449,0.4186,-0.2017,0.3269,-3.7866,1968,932,1036,0.1474,0.4101,-0.1946,0.3364,-3.7607
0.6000,0.6800,0.3200,5.0000,545,276,269,0.0953,0.4183,-0.1983,0.3413,-3.8206,1206,591,615,0.0904,0.4154,-0.1825,0.3441,-3.2955
0.6000,0.6800,0.3200,6.0000,314,172,142,0.0549,0.3790,-0.2021,0.3376,-3.6952,690,376,314,0.0517,0.4029,-0.1998,0.3406,-3.5598
0.6000,0.6800,0.3200,7.0000,168,104,64,0.0294,0.3929,-0.1750,0.3393,-3.0457,418,251,167,0.0313,0.3947,-0.2253,0.3541,-3.5913
0.6000,0.6800,0.3200,8.0000,95,72,23,0.0166,0.4526,-0.2343,0.3263,-3.6526,237,152,85,0.0178,0.4177,-0.1502,0.3840,-2.1975
0.6000,0.7000,0.3000,3.0000,1200,570,630,0.2098,0.4192,-0.1765,0.3383,-3.5053,2856,1284,1572,0.2140,0.4020,-0.2110,0.3242,-4.1614
0.6000,0.7000,0.3000,4.0000,822,386,436,0.1437,0.4148,-0.2033,0.3236,-3.8116,1939,902,1037,0.1453,0.4121,-0.1935,0.3368,-3.7364
0.6000,0.7000,0.3000,5.0000,542,272,270,0.0948,0.4170,-0.2016,0.3376,-3.8840,1190,574,616,0.0892,0.4168,-0.1834,0.3445,-3.2981
0.6000,0.7000,0.3000,6.0000,313,171,142,0.0547,0.3802,-0.2031,0.3355,-3.7082,683,368,315,0.0512,0.4041,-0.1995,0.3411,-3.5426
0.6000,0.7000,0.3000,7.0000,167,103,64,0.0292,0.3952,-0.1767,0.3353,-3.0670,417,249,168,0.0312,0.3957,-0.2240,0.3549,-3.5699
0.6000,0.7000,0.3000,8.0000,95,72,23,0.0166,0.4526,-0.2343,0.3263,-3.6526,236,150,86,0.0177,0.4195,-0.1477,0.3856,-2.1587
0.6000,0.7200,0.2800,3.0000,1166,535,631,0.2038,0.4202,-0.1760,0.3405,-3.8490,2804,1229,1575,0.2101,0.4034,-0.2084,0.3252,-4.1118
0.6000,0.7200,0.2800,4.0000,800,363,437,0.1399,0.4163,-0.2073,0.3262,-4.3951,1909,870,1039,0.1430,0.4123,-0.1915,0.3373,-3.7106
0.6000,0.7200,0.2800,5.0000,530,259,271,0.0927,0.4208,-0.1872,0.3415,-3.6634,1177,560,617,0.0882,0.4180,-0.1803,0.3458,-3.2400
0.6000,0.7200,0.2800,6.0000,304,162,142,0.0531,0.3849,-0.1969,0.3388,-3.5901,676,360,316,0.0506,0.4068,-0.1955,0.3432,-3.4571
0.6000,0.7200,0.2800,7.0000,161,97,64,0.0281,0.3975,-0.1762,0.3354,-3.0212,413,244,169,0.0309,0.3971,-0.2185,0.3584,-3.4670
0.6000,0.7200,0.2800,8.0000,91,68,23,0.0159,0.4505,-0.2340,0.3297,-3.5941,234,147,87,0.0175,0.4188,-0.1411,0.3889,-2.0524
0.6000,0.7400,0.2600,3.0000,1143,511,632,0.1998,0.4191,-0.1801,0.3368,-3.9320,2731,1154,1577,0.2046,0.4068,-0.2051,0.3281,-4.0379
0.6000,0.7400,0.2600,4.0000,789,351,438,0.1379,0.4157,-0.2110,0.3245,-4.4823,1869,829,1040,0.1400,0.4141,-0.1882,0.3392,-3.6559
0.6000,0.7400,0.2600,5.0000,521,249,272,0.0911,0.4184,-0.1922,0.3397,-3.7684,1159,541,618,0.0868,0.4202,-0.1787,0.3477,-3.2104
0.6000,0.7400,0.2600,6.0000,299,156,143,0.0523,0.3846,-0.2018,0.3344,-3.6761,664,347,317,0.0497,0.4096,-0.1916,0.3449,-3.3787
0.6000,0.7400,0.2600,7.0000,157,93,64,0.0274,0.4076,-0.1818,0.3312,-3.1133,406,236,170,0.0304,0.3966,-0.2095,0.3645,-3.3065
0.6000,0.7400,0.2600,8.0000,88,65,23,0.0154,0.4659,-0.2472,0.3182,-3.8001,230,142,88,0.0172,0.4217,-0.1224,0.4000,-1.7759
0.6000,0.7600,0.2400,3.0000,1111,478,633,0.1942,0.4185,-0.1799,0.3375,-3.9285,2626,1047,1579,0.1967,0.4113,-0.2016,0.3286,-3.9504
0.6000,0.7600,0.2400,4.0000,770,331,439,0.1346,0.4130,-0.2123,0.3234,-4.5322,1811,769,1042,0.1357,0.4191,-0.1852,0.3379,-3.5889
0.6000,0.7600,0.2400,5.0000,511,239,272,0.0893,0.4129,-0.1932,0.3405,-3.8027,1132,513,619,0.0848,0.4249,-0.1815,0.3445,-3.2528
0.6000,0.7600,0.2400,6.0000,295,152,143,0.0516,0.3797,-0.2030,0.3356,-3.7143,650,333,317,0.0487,0.4108,-0.1943,0.3431,-3.4140
0.6000,0.7600,0.2400,7.0000,154,90,64,0.0269,0.4026,-0.1835,0.3312,-3.1719,399,229,170,0.0299,0.3960,-0.2128,0.3609,-3.3470
0.6000,0.7600,0.2400,8.0000,85,62,23,0.0149,0.4588,-0.2527,0.3176,-3.9235,227,139,88,0.0170,0.4229,-0.1281,0.3965,-1.8544
0.6000,0.7800,0.2200,3.0000,1071,438,633,0.1872,0.4183,-0.1847,0.3371,-4.0631,2548,968,1580,0.1909,0.4117,-0.1967,0.3320,-3.8490
0.6000,0.7800,0.2200,4.0000,743,304,439,0.1299,0.4132,-0.2194,0.3244,-4.7471,1767,724,1043,0.1324,0.4222,-0.1769,0.3424,-3.4283
0.6000,0.7800,0.2200,5.0000,492,220,272,0.0860,0.4126,-0.2033,0.3415,-4.0742,1110,490,620,0.0832,0.4270,-0.1741,0.3477,-3.1235
0.6000,0.7800,0.2200,6.0000,285,142,143,0.0498,0.3789,-0.2203,0.3368,-4.1737,635,317,318,0.0476,0.4126,-0.1904,0.3449,-3.3406
0.6000,0.7800,0.2200,7.0000,147,83,64,0.0257,0.4014,-0.2083,0.3333,-3.7206,386,215,171,0.0289,0.3990,-0.2066,0.3653,-3.2370
0.6000,0.7800,0.2200,8.0000,80,57,23,0.0140,0.4625,-0.3106,0.3125,-5.1037,221,133,88,0.0166,0.4208,-0.1234,0.4027,-1.7938
0.6000,0.8000,0.2000,3.0000,1030,397,633,0.1801,0.4233,-0.1876,0.3388,-4.1188,2473,893,1580,0.1853,0.4116,-0.1958,0.3328,-3.8381
0.6000,0.8000,0.2000,4.0000,724,285,439,0.1266,0.4171,-0.2238,0.3260,-4.8667,1719,676,1043,0.1288,0.4206,-0.1740,0.3438,-3.3943
0.6000,0.8000,0.2000,5.0000,480,208,272,0.0839,0.4146,-0.2084,0.3417,-4.2213,1080,460,620,0.0809,0.4259,-0.1721,0.3463,-3.1186
0.6000,0.8000,0.2000,6.0000,278,135,143,0.0486,0.3741,-0.2300,0.3345,-4.4459,618,300,318,0.0463,0.4110,-0.1892,0.3414,-3.3646
0.6000,0.8000,0.2000,7.0000,141,77,64,0.0247,0.3901,-0.2343,0.3262,-4.3170,374,203,171,0.0280,0.3957,-0.2007,0.3610,-3.1891
0.6000,0.8000,0.2000,8.0000,75,52,23,0.0131,0.4533,-0.3334,0.3067,-5.5165,216,128,88,0.0162,0.4167,-0.1241,0.3981,-1.8002
0.7000,0.5000,0.5000,3.0000,1332,734,598,0.2329,0.4159,-0.1899,0.3416,-3.7279,3191,1660,1531,0.2391,0.3949,-0.2139,0.3272,-4.0475
0.7000,0.5000,0.5000,4.0000,885,472,413,0.1547,0.4169,-0.2091,0.3299,-3.8261,2106,1098,1008,0.1578,0.4046,-0.1943,0.3428,-3.6311
0.7000,0.5000,0.5000,5.0000,576,323,253,0.1007,0.4236,-0.2061,0.3420,-3.7947,1270,677,593,0.0952,0.4150,-0.1830,0.3528,-3.2174
0.7000,0.5000,0.5000,6.0000,329,200,129,0.0575,0.3830,-0.2259,0.3343,-3.9394,722,425,297,0.0541,0.4030,-0.1958,0.3518,-3.3976
0.7000,0.5000,0.5000,7.0000,182,126,56,0.0318,0.3901,-0.2061,0.3407,-3.3686,434,281,153,0.0325,0.3940,-0.2170,0.3641,-3.4091
0.7000,0.5000,0.5000,8.0000,107,89,18,0.0187,0.4393,-0.2047,0.3551,-3.0655,244,172,72,0.0183,0.4262,-0.1495,0.3975,-2.1419
0.7000,0.5200,0.4800,3.0000,1335,726,609,0.2334,0.4180,-0.1841,0.3446,-3.6271,3180,1643,1537,0.2383,0.3953,-0.2155,0.3267,-4.0931
0.7000,0.5200,0.4800,4.0000,886,468,418,0.1549,0.4176,-0.2048,0.3318,-3.7579,2103,1091,1012,0.1576,0.4056,-0.1964,0.3424,-3.6836
0.7000,0.5200,0.4800,5.0000,578,321,257,0.1010,0.4221,-0.2039,0.3426,-3.7802,1272,676,596,0.0953,0.4151,-0.1837,0.3522,-3.2304
0.7000,0.5200,0.4800,6.0000,330,199,131,0.0577,0.3818,-0.2251,0.3364,-3.9307,724,424,300,0.0542,0.4033,-0.1970,0.3508,-3.4198
0.7000,0.5200,0.4800,7.0000,182,125,57,0.0318,0.3901,-0.2064,0.3407,-3.3738,437,281,156,0.0327,0.3936,-0.2202,0.3616,-3.4666
0.7000,0.5200,0.4800,8.0000,107,88,19,0.0187,0.4393,-0.2053,0.3551,-3.0737,247,172,75,0.0185,0.4251,-0.1559,0.3927,-2.2433
0.7000,0.5400,0.4600,3.0000,1334,718,616,0.2332,0.4198,-0.1791,0.3456,-3.5460,3163,1624,1539,0.2370,0.3958,-0.2152,0.3272,-4.0967
0.7000,0.5400,0.4600,4.0000,887,463,424,0.1551,0.4205,-0.1997,0.3326,-3.6895,2098,1085,1013,0.1572,0.4056,-0.1963,0.3422,-3.6841
0.7000,0.5400,0.4600,5.0000,578,318,260,0.1010,0.4256,-0.1957,0.3443,-3.6655,1269,672,597,0.0951,0.4153,-0.1849,0.3515,-3.2530
0.7000,0.5400,0.4600,6.0000,330,197,133,0.0577,0.3879,-0.2154,0.3394,-3.8065,723,423,300,0.0542,0.4039,-0.1964,0.3513,-3.4080
0.7000,0.5400,0.4600,7.0000,183,124,59,0.0320,0.3989,-0.1906,0.3443,-3.1832,437,281,156,0.0327,0.3936,-0.2202,0.3616,-3.4666
0.7000,0.5400,0.4600,8.0000,108,88,20,0.0189,0.4444,-0.2082,0.3519,-3.1300,247,172,75,0.0185,0.4251,-0.1559,0.3927,-2.2433
0.7000,0.5600,0.4400,3.0000,1319,701,618,0.2306,0.4223,-0.1801,0.3450,-3.5637,3145,1598,1547,0.2356,0.3955,-0.2153,0.3269,-4.1220
0.7000,0.5600,0.4400,4.0000,876,451,425,0.1531,0.4224,-0.2018,0.3311,-3.7297,2090,1070,1020,0.1566,0.4053,-0.1960,0.3416,-3.7038
0.7000,0.5600,0.4400,5.0000,572,312,260,0.1000,0.4266,-0.1989,0.3444,-3.7269,1265,663,602,0.0948,0.4142,-0.1830,0.3510,-3.2377
0.7000,0.5600,0.4400,6.0000,327,194,133,0.0572,0.3914,-0.2156,0.3394,-3.8054,723,418,305,0.0542,0.4039,-0.1887,0.3513,-3.2949
0.7000,0.5600,0.4400,7.0000,181,122,59,0.0316,0.4033,-0.1952,0.3425,-3.2538,437,277,160,0.0327,0.3936,-0.2131,0.3616,-3.3579
0.7000,0.5600,0.4400,8.0000,106,86,20,0.0185,0.4528,-0.2164,0.3491,-3.2392,248,169,79,0.0186,0.4234,-0.1425,0.3952,-2.0575
0.7000,0.5800,0.4200,3.0000,1307,685,622,0.2285,0.4231,-0.1765,0.3474,-3.4998,3107,1553,1554,0.2328,0.3978,-0.2154,0.3270,-4.1265
0.7000,0.5800,0.4200,4.0000,870,442,428,0.1521,0.4218,-0.1990,0.3333,-3.6851,2073,1048,1025,0.1553,0.4071,-0.1932,0.3430,-3.6490
0.7000,0.5800,0.4200,5.0000,571,308,263,0.0998,0.4256,-0.1949,0.3485,-3.6707,1257,650,607,0.0942,0.4161,-0.1811,0.3508,-3.2070
0.7000,0.5800,0.4200,6.0000,328,192,136,0.0573,0.3902,-0.2089,0.3445,-3.7279,718,410,308,0.0538,0.4039,-0.1918,0.3496,-3.3429
0.7000,0.5800,0.4200,7.0000,182,121,61,0.0318,0.4011,-0.1995,0.3462,-3.3700,434,271,163,0.0325,0.3940,-0.2147,0.3618,-3.3705
0.7000,0.5800,0.4200,8.0000,106,85,21,0.0185,0.4528,-0.2340,0.3491,-3.5736,245,164,81,0.0184,0.4245,-0.1376,0.3959,-1.9843
0.7000,0.6000,0.4000,3.0000,1283,660,623,0.2243,0.4271,-0.1746,0.3468,-3.4647,3066,1508,1558,0.2297,0.3982,-0.2168,0.3265,-4.1683
0.7000,0.6000,0.4000,4.0000,860,431,429,0.1503,0.4233,-0.1986,0.3314,-3.6912,2053,1025,1028,0.1538,0.4072,-0.1947,0.3419,-3.6910
0.7000,0.6000,0.4000,5.0000,565,301,264,0.0988,0.4265,-0.1988,0.3469,-3.7498,1248,640,608,0.0935,0.4167,-0.1774,0.3526,-3.1416
0.7000,0.6000,0.4000,6.0000,324,187,137,0.0566,0.3920,-0.2141,0.3426,-3.8363,712,403,309,0.0533,0.4045,-0.1862,0.3525,-3.2483
0.7000,0.6000,0.4000,7.0000,178,117,61,0.0311,0.4045,-0.2073,0.3427,-3.5232,429,266,163,0.0321,0.3939,-0.2107,0.3660,-3.2917
0.7000,0.6000,0.4000,8.0000,102,81,21,0.0178,0.4608,-0.2490,0.3431,-3.8235,242,161,81,0.0181,0.4215,-0.1307,0.4008,-1.8763
0.7000,0.6200,0.3800,3.0000,1263,637,626,0.2208,0.4260,-0.1741,0.3444,-3.4669,3010,1451,1559,0.2255,0.4000,-0.2161,0.3252,-4.1952
0.7000,0.6200,0.3800,4.0000,850,418,432,0.1486,0.4212,-0.2010,0.3271,-3.7528,2026,997,1029,0.1518,0.4087,-0.1929,0.3411,-3.6707
0.7000,0.6200,0.3800,5.0000,557,290,267,0.0974,0.4219,-0.2024,0.3411,-3.8515,1237,628,609,0.0927,0.4171,-0.1751,0.3525,-3.1264
0.7000,0.6200,0.3800,6.0000,322,182,140,0.0563,0.3851,-0.2180,0.3354,-3.9337,704,394,310,0.0527,0.4048,-0.1856,0.3509,-3.2783
0.7000,0.6200,0.3800,7.0000,177,114,63,0.0309,0.4011,-0.2046,0.3333,-3.4975,423,259,164,0.0317,0.3948,-0.2130,0.3641,-3.3778
0.7000,0.6200,0.3800,8.0000,100,78,22,0.0175,0.4600,-0.2442,0.3300,-3.7588,238,156,82,0.0178,0.4244,-0.1250,0.3992,-1.8210
0.7000,0.6400,0.3600,3.0000,1239,612,627,0.2166,0.4229,-0.1769,0.3422,-3.5132,2960,1397,1563,0.2218,0.4010,-0.2129,0.3247,-4.1568
0.7000,0.6400,0.3600,4.0000,838,405,433,0.1465,0.4177,-0.2041,0.3270,-3.8128,1996,965,1031,0.1495,0.4103,-0.1902,0.3397,-3.6355
0.7000,0.6400,0.3600,5.0000,550,282,268,0.0962,0.4164,-0.2031,0.3418,-3.8726,1223,613,610,0.0916,0.4154,-0.1771,0.3483,-3.1717
0.7000,0.6400,0.3600,6.0000,318,177,141,0.0556,0.3774,-0.2143,0.3365,-3.8638,700,389,311,0.0524,0.4029,-0.1901,0.3471,-3.3679
0.7000,0.6400,0.3600,7.0000,173,109,64,0.0302,0.3873,-0.1975,0.3353,-3.3680,421,256,165,0.0315,0.3919,-0.2173,0.3587,-3.4411
0.7000,0.6400,0.3600,8.0000,98,75,23,0.0171,0.4490,-0.2495,0.3265,-3.8215,237,154,83,0.0178,0.4177,-0.1308,0.3924,-1.9028
0.7000,0.6600,0.3400,3.0000,1221,592,629,0.2135,0.4218,-0.1744,0.3423,-3.4767,2899,1328,1571,0.2172,0.4012,-0.2142,0.3236,-4.2215
0.7000,0.6600,0.3400,4.0000,829,394,435,0.1449,0.4174,-0.2004,0.3281,-3.7621,1961,925,1036,0.1469,0.4100,-0.1938,0.3366,-3.7526
0.7000,0.6600,0.3400,5.0000,546,276,270,0.0955,0.4176,-0.1972,0.3425,-3.8020,1203,588,615,0.0901,0.4148,-0.1832,0.3441,-3.3066
0.7000,0.6600,0.3400,6.0000,314,172,142,0.0549,0.3790,-0.2021,0.3376,-3.6952,690,376,314,0.0517,0.4029,-0.1998,0.3406,-3.5598
0.7000,0.6600,0.3400,7.0000,168,104,64,0.0294,0.3929,-0.1750,0.3393,-3.0457,418,251,167,0.0313,0.3947,-0.2253,0.3541,-3.5913
0.7000,0.6600,0.3400,8.0000,95,72,23,0.0166,0.4526,-0.2343,0.3263,-3.6526,237,152,85,0.0178,0.4177,-0.1502,0.3840,-2.1975
0.7000,0.6800,0.3200,3.0000,1189,558,631,0.2079,0.4197,-0.1734,0.3406,-3.4412,2845,1273,1572,0.2132,0.4014,-0.2109,0.3248,-4.1535
0.7000,0.6800,0.3200,4.0000,816,379,437,0.1427,0.4167,-0.2006,0.3272,-3.7469,1931,894,1037,0.1447,0.4112,-0.1937,0.3371,-3.7341
0.7000,0.6800,0.3200,5.0000,538,267,271,0.0941,0.4201,-0.1980,0.3420,-3.8011,1188,572,616,0.0890,0.4167,-0.1831,0.3451,-3.2906
0.7000,0.6800,0.3200,6.0000,308,166,142,0.0538,0.3831,-0.1996,0.3409,-3.6222,682,367,315,0.0511,0.4047,-0.1989,0.3416,-3.5297
0.7000,0.6800,0.3200,7.0000,163,99,64,0.0285,0.3988,-0.1686,0.3436,-2.8987,416,248,168,0.0312,0.3966,-0.2231,0.3558,-3.5513
0.7000,0.6800,0.3200,8.0000,92,69,23,0.0161,0.4565,-0.2251,0.3370,-3.4645,235,149,86,0.0176,0.4213,-0.1457,0.3872,-2.1259
0.7000,0.7000,0.3000,3.0000,1157,525,632,0.2023,0.4192,-0.1792,0.3379,-3.9239,2762,1187,1575,0.2069,0.4044,-0.2066,0.3266,-4.0778
0.7000,0.7000,0.3000,4.0000,795,357,438,0.1390,0.4151,-0.2113,0.3245,-4.4971,1883,844,1039,0.1411,0.4137,-0.1904,0.3383,-3.6966
0.7000,0.7000,0.3000,5.0000,526,254,272,0.0920,0.4183,-0.1927,0.3403,-3.7884,1166,549,617,0.0874,0.4185,-0.1830,0.3456,-3.2905
0.7000,0.7000,0.3000,6.0000,303,160,143,0.0530,0.3828,-0.2019,0.3366,-3.6894,669,353,316,0.0501,0.4066,-0.1988,0.3423,-3.5070
0.7000,0.7000,0.3000,7.0000,160,96,64,0.0280,0.4000,-0.1843,0.3312,-3.1676,409,240,169,0.0306,0.3936,-0.2194,0.3594,-3.4651
0.7000,0.7000,0.3000,8.0000,90,67,23,0.0157,0.4556,-0.2488,0.3222,-3.8375,232,145,87,0.0174,0.4138,-0.1399,0.3922,-2.0278
0.7000,0.7200,0.2800,3.0000,1125,492,633,0.1967,0.4178,-0.1807,0.3378,-3.9489,2677,1100,1577,0.2006,0.4090,-0.2018,0.3287,-3.9650
0.7000,0.7200,0.2800,4.0000,778,339,439,0.1360,0.4139,-0.2119,0.3252,-4.5169,1839,799,1040,0.1378,0.4171,-0.1847,0.3399,-3.5781
0.7000,0.7200,0.2800,5.0000,514,242,272,0.0899,0.4163,-0.1916,0.3424,-3.7579,1150,532,618,0.0862,0.4235,-0.1771,0.3478,-3.1754
0.7000,0.7200,0.2800,6.0000,296,153,143,0.0517,0.3818,-0.2077,0.3345,-3.7903,660,343,317,0.0494,0.4121,-0.1906,0.3455,-3.3539
0.7000,0.7200,0.2800,7.0000,155,91,64,0.0271,0.4065,-0.1926,0.3290,-3.3147,404,234,170,0.0303,0.3985,-0.2092,0.3639,-3.2966
0.7000,0.7200,0.2800,8.0000,86,63,23,0.0150,0.4651,-0.2683,0.3140,-4.1486,229,141,88,0.0172,0.4236,-0.1195,0.4017,-1.7327
0.7000,0.7400,0.2600,3.0000,1091,458,633,0.1907,0.4189,-0.1805,0.3373,-3.9476,2583,1003,1580,0.1935,0.4115,-0.2003,0.3287,-3.9219
0.7000,0.7400,0.2600,4.0000,756,317,439,0.1322,0.4140,-0.2132,0.3241,-4.5699,1791,748,1043,0.1342,0.4199,-0.1814,0.3389,-3.5132
0.7000,0.7400,0.2600,5.0000,503,231,272,0.0879,0.4135,-0.1955,0.3400,-3.8766,1122,502,620,0.0841,0.4251,-0.1772,0.3449,-3.1735
0.7000,0.7400,0.2600,6.0000,292,149,143,0.0510,0.3801,-0.2067,0.3356,-3.8340,642,324,318,0.0481,0.4112,-0.1912,0.3427,-3.3448
0.7000,0.7400,0.2600,7.0000,153,89,64,0.0267,0.4052,-0.1792,0.3333,-3.0915,393,222,171,0.0294,0.3969,-0.2076,0.3613,-3.2463
0.7000,0.7400,0.2600,8.0000,85,62,23,0.0149,0.4588,-0.2527,0.3176,-3.9235,225,137,88,0.0169,0.4222,-0.1223,0.4000,-1.7680
0.7000,0.7600,0.2400,3.0000,1049,416,633,0.1834,0.4185,-0.1883,0.3375,-4.1576,2495,915,1580,0.1869,0.4108,-0.1946,0.3327,-3.8111
0.7000,0.7600,0.2400,4.0000,731,292,439,0.1278,0.4145,-0.2235,0.3256,-4.8672,1731,688,1043,0.1297,0.4200,-0.1727,0.3437,-3.3613
0.7000,0.7600,0.2400,5.0000,485,213,272,0.0848,0.4124,-0.2092,0.3402,-4.2435,1087,467,620,0.0814,0.4259,-0.1696,0.3468,-3.0634
0.7000,0.7600,0.2400,6.0000,281,138,143,0.0491,0.3737,-0.2283,0.3345,-4.4217,622,304,318,0.0466,0.4116,-0.1869,0.3424,-3.3240
0.7000,0.7600,0.2400,7.0000,144,80,64,0.0252,0.3889,-0.2309,0.3264,-4.2732,376,205,171,0.0282,0.3963,-0.1986,0.3617,-3.1579
0.7000,0.7600,0.2400,8.0000,78,55,23,0.0136,0.4487,-0.3233,0.3077,-5.4008,218,130,88,0.0163,0.4174,-0.1211,0.3991,-1.7611
0.7000,0.7800,0.2200,3.0000,997,361,636,0.1743,0.4263,-0.1945,0.3390,-4.3054,2401,819,1582,0.1799,0.4111,-0.1974,0.3328,-3.8726
0.7000,0.7800,0.2200,4.0000,705,263,442,0.1233,0.4213,-0.2278,0.3319,-5.0020,1671,626,1045,0.1252,0.4213,-0.1753,0.3441,-3.4310
0.7000,0.7800,0.2200,5.0000,467,193,274,0.0816,0.4154,-0.2149,0.3469,-4.4175,1049,428,621,0.0786,0.4252,-0.1748,0.3441,-3.1914
0.7000,0.7800,0.2200,6.0000,272,127,145,0.0476,0.3713,-0.2346,0.3382,-4.6489,602,283,319,0.0451,0.4103,-0.1966,0.3389,-3.5072
0.7000,0.7800,0.2200,7.0000,137,72,65,0.0240,0.3942,-0.2187,0.3358,-4.0214,363,192,171,0.0272,0.3967,-0.2148,0.3554,-3.4234
0.7000,0.7800,0.2200,8.0000,73,49,24,0.0128,0.4521,-0.3242,0.3151,-5.2943,207,119,88,0.0155,0.4155,-0.1471,0.3865,-2.1417
0.7000,0.8000,0.2000,3.0000,951,315,636,0.1663,0.4322,-0.1890,0.3396,-4.2321,2279,694,1585,0.1707,0.4125,-0.1938,0.3344,-3.7645
0.7000,0.8000,0.2000,4.0000,675,233,442,0.1180,0.4252,-0.2224,0.3319,-4.9758,1585,537,1048,0.1188,0.4215,-0.1737,0.3445,-3.3702
0.7000,0.8000,0.2000,5.0000,444,170,274,0.0776,0.4167,-0.2089,0.3446,-4.3907,1005,381,624,0.0753,0.4239,-0.1750,0.3423,-3.1760
0.7000,0.8000,0.2000,6.0000,254,109,145,0.0444,0.3661,-0.2305,0.3346,-4.7484,583,261,322,0.0437,0.4117,-0.1977,0.3310,-3.5324
0.7000,0.8000,0.2000,7.0000,124,59,65,0.0217,0.3871,-0.1880,0.3387,-3.6200,349,177,172,0.0261,0.3983,-0.2184,0.3467,-3.4858
0.7000,0.8000,0.2000,8.0000,63,39,24,0.0110,0.4286,-0.2731,0.3175,-4.7294,200,111,89,0.0150,0.4100,-0.1669,0.3700,-2.4335
0.8000,0.5000,0.5000,3.0000,1332,734,598,0.2329,0.4159,-0.1899,0.3416,-3.7279,3191,1660,1531,0.2391,0.3949,-0.2139,0.3272,-4.0475
0.8000,0.5000,0.5000,4.0000,885,472,413,0.1547,0.4169,-0.2091,0.3299,-3.8261,2106,1098,1008,0.1578,0.4046,-0.1943,0.3428,-3.6311
0.8000,0.5000,0.5000,5.0000,576,323,253,0.1007,0.4236,-0.2061,0.3420,-3.7947,1270,677,593,0.0952,0.4150,-0.1830,0.3528,-3.2174
0.8000,0.5000,0.5000,6.0000,329,200,129,0.0575,0.3830,-0.2259,0.3343,-3.9394,722,425,297,0.0541,0.4030,-0.1958,0.3518,-3.3976
0.8000,0.5000,0.5000,7.0000,182,126,56,0.0318,0.3901,-0.2061,0.3407,-3.3686,434,281,153,0.0325,0.3940,-0.2170,0.3641,-3.4091
0.8000,0.5000,0.5000,8.0000,107,89,18,0.0187,0.4393,-0.2047,0.3551,-3.0655,244,172,72,0.0183,0.4262,-0.1495,0.3975,-2.1419
0.8000,0.5200,0.4800,3.0000,1332,722,610,0.2329,0.4189,-0.1803,0.3453,-3.5683,3177,1639,1538,0.2380,0.3957,-0.2149,0.3267,-4.0842
0.8000,0.5200,0.4800,4.0000,884,465,419,0.1545,0.4186,-0.2004,0.3326,-3.6960,2103,1090,1013,0.1576,0.4056,-0.1966,0.3424,-3.6879
0.8000,0.5200,0.4800,5.0000,576,319,257,0.1007,0.4236,-0.1969,0.3438,-3.6830,1272,675,597,0.0953,0.4151,-0.1842,0.3522,-3.2372
0.8000,0.5200,0.4800,6.0000,329,198,131,0.0575,0.3830,-0.2172,0.3374,-3.8351,723,423,300,0.0542,0.4039,-0.1964,0.3513,-3.4080
0.8000,0.5200,0.4800,7.0000,181,124,57,0.0316,0.3923,-0.1920,0.3425,-3.1940,437,281,156,0.0327,0.3936,-0.2202,0.3616,-3.4666
0.8000,0.5200,0.4800,8.0000,107,88,19,0.0187,0.4393,-0.2053,0.3551,-3.0737,247,172,75,0.0185,0.4251,-0.1559,0.3927,-2.2433
0.8000,0.5400,0.4600,3.0000,1333,716,617,0.2330,0.4201,-0.1795,0.3458,-3.5521,3158,1616,1542,0.2366,0.3958,-0.2157,0.3271,-4.1106
0.8000,0.5400,0.4600,4.0000,886,461,425,0.1549,0.4210,-0.2004,0.3330,-3.6984,2098,1083,1015,0.1572,0.4051,-0.1962,0.3418,-3.6824
0.8000,0.5400,0.4600,5.0000,576,316,260,0.1007,0.4271,-0.1954,0.3455,-3.6538,1268,670,598,0.0950,0.4148,-0.1846,0.3509,-3.2467
0.8000,0.5400,0.4600,6.0000,329,196,133,0.0575,0.3891,-0.2148,0.3404,-3.7901,723,422,301,0.0542,0.4039,-0.1953,0.3513,-3.3912
0.8000,0.5400,0.4600,7.0000,182,123,59,0.0318,0.4011,-0.1893,0.3462,-3.1540,436,280,156,0.0327,0.3945,-0.2182,0.3624,-3.4343
0.8000,0.5400,0.4600,8.0000,107,87,20,0.0187,0.4486,-0.2062,0.3551,-3.0865,246,171,75,0.0184,0.4268,-0.1521,0.3943,-2.1875
0.8000,0.5600,0.4400,3.0000,1313,694,619,0.2295,0.4227,-0.1802,0.3450,-3.5775,3132,1581,1551,0.2347,0.3972,-0.2173,0.3266,-4.1621
0.8000,0.5600,0.4400,4.0000,873,448,425,0.1526,0.4227,-0.2053,0.3299,-3.8036,2086,1063,1023,0.1563,0.4070,-0.1954,0.3423,-3.6907
0.8000,0.5600,0.4400,5.0000,571,311,260,0.0998,0.4256,-0.2026,0.3433,-3.8152,1261,656,605,0.0945,0.4171,-0.1820,0.3521,-3.2167
0.8000,0.5600,0.4400,6.0000,326,193,133,0.0570,0.3896,-0.2222,0.3374,-3.9512,718,412,306,0.0538,0.4067,-0.1901,0.3510,-3.3149
0.8000,0.5600,0.4400,7.0000,180,121,59,0.0315,0.4000,-0.2070,0.3389,-3.4912,434,273,161,0.0325,0.3986,-0.2119,0.3641,-3.3283
0.8000,0.5600,0.4400,8.0000,105,85,20,0.0184,0.4476,-0.2369,0.3429,-3.6017,246,166,80,0.0184,0.4309,-0.1399,0.3984,-2.0137
0.8000,0.5800,0.4200,3.0000,1294,671,623,0.2262,0.4235,-0.1774,0.3462,-3.5236,3081,1526,1555,0.2308,0.3992,-0.2145,0.3275,-4.1047
0.8000,0.5800,0.4200,4.0000,866,437,429,0.1514,0.4203,-0.2006,0.3314,-3.7311,2060,1034,1026,0.1543,0.4083,-0.1931,0.3427,-3.6404
0.8000,0.5800,0.4200,5.0000,569,305,264,0.0995,0.4236,-0.2000,0.3462,-3.7802,1250,643,607,0.0937,0.4168,-0.1798,0.3520,-3.1761
0.8000,0.5800,0.4200,6.0000,328,191,137,0.0573,0.3872,-0.2162,0.3415,-3.8854,714,406,308,0.0535,0.4048,-0.1902,0.3515,-3.3074
0.8000,0.5800,0.4200,7.0000,181,120,61,0.0316,0.3978,-0.2105,0.3425,-3.5896,430,267,163,0.0322,0.3953,-0.2123,0.3651,-3.3187
0.8000,0.5800,0.4200,8.0000,105,84,21,0.0184,0.4476,-0.2532,0.3429,-3.9195,243,162,81,0.0182,0.4239,-0.1338,0.3992,-1.9236
0.8000,0.6000,0.4000,3.0000,1270,647,623,0.2220,0.4252,-0.1761,0.3449,-3.4979,3023,1464,1559,0.2265,0.3996,-0.2159,0.3258,-4.1817
0.8000,0.6000,0.4000,4.0000,854,425,429,0.1493,0.4215,-0.2036,0.3279,-3.7838,2033,1004,1029,0.1523,0.4088,-0.1920,0.3419,-3.6445
0.8000,0.6000,0.4000,5.0000,559,295,264,0.0977,0.4240,-0.2064,0.3417,-3.8941,1240,631,609,0.0929,0.4169,-0.1737,0.3532,-3.0861
0.8000,0.6000,0.4000,6.0000,321,184,137,0.0561,0.3894,-0.2225,0.3364,-3.9945,707,397,310,0.0530,0.4045,-0.1830,0.3522,-3.2071
0.8000,0.6000,0.4000,7.0000,176,115,61,0.0308,0.4034,-0.2134,0.3352,-3.6135,426,262,164,0.0319,0.3944,-0.2085,0.3662,-3.2737
0.8000,0.6000,0.4000,8.0000,100,79,21,0.0175,0.4600,-0.2605,0.3300,-3.9746,240,158,82,0.0180,0.4208,-0.1279,0.4000,-1.8519
0.8000,0.6200,0.3800,3.0000,1246,619,627,0.2178,0.4222,-0.1755,0.3435,-3.4914,2966,1404,1562,0.2222,0.4005,-0.2117,0.3250,-4.1351
0.8000,0.6200,0.3800,4.0000,841,408,433,0.1470,0.4174,-0.2029,0.3270,-3.7929,1999,969,1030,0.1498,0.4102,-0.1889,0.3402,-3.6103
0.8000,0.6200,0.3800,5.0000,550,282,268,0.0962,0.4164,-0.2031,0.3418,-3.8726,1223,614,609,0.0916,0.4162,-0.1759,0.3491,-3.1490
0.8000,0.6200,0.3800,6.0000,318,177,141,0.0556,0.3774,-0.2143,0.3365,-3.8638,699,389,310,0.0524,0.4034,-0.1898,0.3476,-3.3590
0.8000,0.6200,0.3800,7.0000,173,109,64,0.0302,0.3873,-0.1975,0.3353,-3.3680,420,256,164,0.0315,0.3929,-0.2168,0.3595,-3.4283
0.8000,0.6200,0.3800,8.0000,98,75,23,0.0171,0.4490,-0.2495,0.3265,-3.8215,236,154,82,0.0177,0.4195,-0.1294,0.3941,-1.8792
0.8000,0.6400,0.3600,3.0000,1220,592,628,0.2133,0.4221,-0.1749,0.3418,-3.4850,2905,1335,1570,0.2177,0.4017,-0.2140,0.3232,-4.2208
0.8000,0.6400,0.3600,4.0000,828,394,434,0.1448,0.4179,-0.2011,0.3273,-3.7740,1965,929,1036,0.1472,0.4102,-0.1932,0.3364,-3.7433
0.8000,0.6400,0.3600,5.0000,545,276,269,0.0953,0.4183,-0.1983,0.3413,-3.8206,1205,590,615,0.0903,0.4158,-0.1824,0.3444,-3.2939
0.8000,0.6400,0.3600,6.0000,314,172,142,0.0549,0.3790,-0.2021,0.3376,-3.6952,690,376,314,0.0517,0.4029,-0.1998,0.3406,-3.5598
0.8000,0.6400,0.3600,7.0000,168,104,64,0.0294,0.3929,-0.1750,0.3393,-3.0457,418,251,167,0.0313,0.3947,-0.2253,0.3541,-3.5913
0.8000,0.6400,0.3600,8.0000,95,72,23,0.0166,0.4526,-0.2343,0.3263,-3.6526,237,152,85,0.0178,0.4177,-0.1502,0.3840,-2.1975
0.8000,0.6600,0.3400,3.0000,1188,557,631,0.2077,0.4200,-0.1729,0.3409,-3.4317,2843,1270,1573,0.2130,0.4020,-0.2110,0.3243,-4.1568
0.8000,0.6600,0.3400,4.0000,816,379,437,0.1427,0.4167,-0.2006,0.3272,-3.7469,1929,891,1038,0.1445,0.4121,-0.1939,0.3364,-3.7384
0.8000,0.6600,0.3400,5.0000,538,267,271,0.0941,0.4201,-0.1980,0.3420,-3.8011,1186,570,616,0.0889,0.4174,-0.1827,0.3449,-3.2833
0.8000,0.6600,0.3400,6.0000,308,166,142,0.0538,0.3831,-0.1996,0.3409,-3.6222,681,366,315,0.0510,0.4053,-0.1998,0.3407,-3.5425
0.8000,0.6600,0.3400,7.0000,163,99,64,0.0285,0.3988,-0.1686,0.3436,-2.8987,416,248,168,0.0312,0.3966,-0.2231,0.3558,-3.5513
0.8000,0.6600,0.3400,8.0000,92,69,23,0.0161,0.4565,-0.2251,0.3370,-3.4645,235,149,86,0.0176,0.4213,-0.1457,0.3872,-2.1259
0.8000,0.6800,0.3200,3.0000,1154,522,632,0.2017,0.4194,-0.1780,0.3388,-3.8972,2752,1177,1575,0.2062,0.4048,-0.2058,0.3267,-4.0607
0.8000,0.6800,0.3200,4.0000,792,354,438,0.1385,0.4154,-0.2098,0.3258,-4.4608,1880,841,1039,0.1409,0.4138,-0.1889,0.3388,-3.6713
0.8000,0.6800,0.3200,5.0000,524,252,272,0.0916,0.4179,-0.1904,0.3416,-3.7407,1164,547,617,0.0872,0.4184,-0.1822,0.3462,-3.2740
0.8000,0.6800,0.3200,6.0000,302,159,143,0.0528,0.3841,-0.1986,0.3377,-3.6310,668,352,316,0.0500,0.4072,-0.1974,0.3428,-3.4819
0.8000,0.6800,0.3200,7.0000,159,95,64,0.0278,0.4025,-0.1779,0.3333,-3.0600,408,239,169,0.0306,0.3946,-0.2171,0.3603,-3.4281
0.8000,0.6800,0.3200,8.0000,89,66,23,0.0156,0.4607,-0.2382,0.3258,-3.6700,231,144,87,0.0173,0.4156,-0.1355,0.3939,-1.9631
0.8000,0.7000,0.3000,3.0000,1115,482,633,0.1949,0.4179,-0.1818,0.3363,-3.9686,2648,1069,1579,0.1984,0.4109,-0.2028,0.3282,-3.9751
0.8000,0.7000,0.3000,4.0000,771,332,439,0.1348,0.4137,-0.2141,0.3230,-4.5632,1822,780,1042,0.1365,0.4188,-0.1866,0.3375,-3.6126
0.8000,0.7000,0.3000,5.0000,512,240,272,0.0895,0.4141,-0.1959,0.3398,-3.8490,1138,519,619,0.0853,0.4253,-0.1811,0.3445,-3.2436
0.8000,0.7000,0.3000,6.0000,296,153,143,0.0517,0.3818,-0.2077,0.3345,-3.7903,654,337,317,0.0490,0.4128,-0.1925,0.3440,-3.3767
0.8000,0.7000,0.3000,7.0000,155,91,64,0.0271,0.4065,-0.1926,0.3290,-3.3147,401,231,170,0.0300,0.3965,-0.2125,0.3616,-3.3414
0.8000,0.7000,0.3000,8.0000,86,63,23,0.0150,0.4651,-0.2683,0.3140,-4.1486,228,140,88,0.0171,0.4254,-0.1235,0.3991,-1.7885
0.8000,0.7200,0.2800,3.0000,1076,443,633,0.1881,0.4182,-0.1852,0.3364,-4.0821,2559,979,1580,0.1917,0.4107,-0.1983,0.3310,-3.8828
0.8000,0.7200,0.2800,4.0000,748,309,439,0.1308,0.4131,-0.2199,0.3235,-4.7713,1776,733,1043,0.1331,0.4206,-0.1792,0.3412,-3.4740
0.8000,0.7200,0.2800,5.0000,496,224,272,0.0867,0.4113,-0.2038,0.3407,-4.0979,1114,494,620,0.0835,0.4255,-0.1768,0.3465,-3.1682
0.8000,0.7200,0.2800,6.0000,288,145,143,0.0503,0.3785,-0.2218,0.3333,-4.2222,639,321,318,0.0479,0.4100,-0.1949,0.3427,-3.4156
0.8000,0.7200,0.2800,7.0000,149,85,64,0.0260,0.4027,-0.2076,0.3289,-3.7343,390,219,171,0.0292,0.3949,-0.2137,0.3615,-3.3486
0.8000,0.7200,0.2800,8.0000,81,58,23,0.0142,0.4568,-0.3087,0.3086,-5.1039,223,135,88,0.0167,0.4170,-0.1319,0.3991,-1.9132
0.8000,0.7400,0.2600,3.0000,1025,391,634,0.1792,0.4234,-0.1900,0.3385,-4.1789,2465,884,1581,0.1847,0.4110,-0.1960,0.3331,-3.8373
0.8000,0.7400,0.2600,4.0000,721,281,440,0.1260,0.4189,-0.2234,0.3273,-4.8477,1714,670,1044,0.1284,0.4195,-0.1740,0.3442,-3.3892
0.8000,0.7400,0.2600,5.0000,478,205,273,0.0836,0.4163,-0.2074,0.3431,-4.1898,1079,458,621,0.0808,0.4245,-0.1726,0.3466,-3.1240
0.8000,0.7400,0.2600,6.0000,278,134,144,0.0486,0.3741,-0.2291,0.3345,-4.4242,618,299,319,0.0463,0.4094,-0.1902,0.3414,-3.3800
0.8000,0.7400,0.2600,7.0000,140,76,64,0.0245,0.3929,-0.2375,0.3214,-4.3647,374,203,171,0.0280,0.3957,-0.2007,0.3610,-3.1891
0.8000,0.7400,0.2600,8.0000,74,51,23,0.0129,0.4595,-0.3408,0.2973,-5.6136,216,128,88,0.0162,0.4167,-0.1241,0.3981,-1.8002
0.8000,0.7600,0.2400,3.0000,979,343,636,0.1712,0.4321,-0.1955,0.3361,-4.3402,2345,762,1583,0.1757,0.4107,-0.1957,0.3339,-3.8282
0.8000,0.7600,0.2400,4.0000,694,252,442,0.1213,0.4265,-0.2308,0.3285,-5.0881,1632,586,1046,0.1223,0.4210,-0.1763,0.3438,-3.4399
0.8000,0.7600,0.2400,5.0000,460,186,274,0.0804,0.4196,-0.2212,0.3413,-4.5559,1030,408,622,0.0772,0.4233,-0.1789,0.3417,-3.2653
0.8000,0.7600,0.2400,6.0000,267,122,145,0.0467,0.3745,-0.2473,0.3296,-4.9278,595,275,320,0.0446,0.4084,-0.1995,0.3361,-3.5737
0.8000,0.7600,0.2400,7.0000,134,69,65,0.0234,0.3955,-0.2309,0.3209,-4.2229,358,187,171,0.0268,0.3939,-0.2203,0.3520,-3.5328
0.8000,0.7600,0.2400,8.0000,71,47,24,0.0124,0.4507,-0.3370,0.2958,-5.4433,204,116,88,0.0153,0.4069,-0.1654,0.3775,-2.4214
0.8000,0.7800,0.2200,3.0000,929,293,636,0.1624,0.4338,-0.1869,0.3423,-4.1806,2227,641,1586,0.1669,0.4136,-0.1917,0.3350,-3.7195
0.8000,0.7800,0.2200,4.0000,661,219,442,0.1156,0.4236,-0.2208,0.3328,-4.9473,1549,500,1049,0.1161,0.4229,-0.1717,0.3441,-3.3255
0.8000,0.7800,0.2200,5.0000,438,164,274,0.0766,0.4155,-0.2132,0.3425,-4.4858,976,352,624,0.0731,0.4273,-0.1787,0.3391,-3.2270
0.8000,0.7800,0.2200,6.0000,250,105,145,0.0437,0.3640,-0.2374,0.3320,-4.9081,563,241,322,0.0422,0.4156,-0.2056,0.3233,-3.6532
0.8000,0.7800,0.2200,7.0000,123,58,65,0.0215,0.3821,-0.1978,0.3333,-3.8272,334,162,172,0.0250,0.4042,-0.2316,0.3383,-3.6603
0.8000,0.7800,0.2200,8.0000,62,38,24,0.0108,0.4194,-0.2940,0.3065,-5.1328,192,103,89,0.0144,0.4219,-0.1889,0.3594,-2.7305
0.8000,0.8000,0.2000,3.0000,874,236,638,0.1528,0.4394,-0.1766,0.3513,-3.9101,2090,502,1588,0.1566,0.4134,-0.1892,0.3378,-3.6902
0.8000,0.8000,0.2000,4.0000,623,179,444,0.1089,0.4302,-0.2125,0.3371,-4.7383,1460,409,1051,0.1094,0.4192,-0.1720,0.3445,-3.3755
0.8000,0.8000,0.2000,5.0000,411,135,276,0.0719,0.4185,-0.2017,0.3479,-4.2211,920,295,625,0.0689,0.4207,-0.1781,0.3380,-3.2681
0.8000,0.8000,0.2000,6.0000,238,91,147,0.0416,0.3655,-0.2156,0.3403,-4.4643,522,199,323,0.0391,0.4061,-0.2073,0.3199,-3.8103
0.8000,0.8000,0.2000,7.0000,122,55,67,0.0213,0.3770,-0.1862,0.3361,-3.5485,304,131,173,0.0228,0.3914,-0.2303,0.3388,-3.8095
0.8000,0.8000,0.2000,8.0000,63,38,25,0.0110,0.4127,-0.2656,0.3175,-4.5369,171,81,90,0.0128,0.3977,-0.1965,0.3567,-3.0065
0.9000,0.5000,0.5000,3.0000,1332,734,598,0.2329,0.4159,-0.1899,0.3416,-3.7279,3191,1660,1531,0.2391,0.3949,-0.2139,0.3272,-4.0475
0.9000,0.5000,0.5000,4.0000,885,472,413,0.1547,0.4169,-0.2091,0.3299,-3.8261,2106,1098,1008,0.1578,0.4046,-0.1943,0.3428,-3.6311
0.9000,0.5000,0.5000,5.0000,576,323,253,0.1007,0.4236,-0.2061,0.3420,-3.7947,1270,677,593,0.0952,0.4150,-0.1830,0.3528,-3.2174
0.9000,0.5000,0.5000,6.0000,329,200,129,0.0575,0.3830,-0.2259,0.3343,-3.9394,722,425,297,0.0541,0.4030,-0.1958,0.3518,-3.3976
0.9000,0.5000,0.5000,7.0000,182,126,56,0.0318,0.3901,-0.2061,0.3407,-3.3686,434,281,153,0.0325,0.3940,-0.2170,0.3641,-3.4091
0.9000,0.5000,0.5000,8.0000,107,89,18,0.0187,0.4393,-0.2047,0.3551,-3.0655,244,172,72,0.0183,0.4262,-0.1495,0.3975,-2.1419
0.9000,0.5200,0.4800,3.0000,1332,722,610,0.2329,0.4189,-0.1803,0.3453,-3.5683,3173,1635,1538,0.2377,0.3958,-0.2151,0.3268,-4.0970
0.9000,0.5200,0.4800,4.0000,884,465,419,0.1545,0.4186,-0.2004,0.3326,-3.6960,2102,1089,1013,0.1575,0.4058,-0.1961,0.3425,-3.6780
0.9000,0.5200,0.4800,5.0000,576,319,257,0.1007,0.4236,-0.1969,0.3438,-3.6830,1272,675,597,0.0953,0.4151,-0.1842,0.3522,-3.2372
0.9000,0.5200,0.4800,6.0000,329,198,131,0.0575,0.3830,-0.2172,0.3374,-3.8351,723,423,300,0.0542,0.4039,-0.1964,0.3513,-3.4080
0.9000,0.5200,0.4800,7.0000,181,124,57,0.0316,0.3923,-0.1920,0.3425,-3.1940,437,281,156,0.0327,0.3936,-0.2202,0.3616,-3.4666
0.9000,0.5200,0.4800,8.0000,107,88,19,0.0187,0.4393,-0.2053,0.3551,-3.0737,247,172,75,0.0185,0.4251,-0.1559,0.3927,-2.2433
0.9000,0.5400,0.4600,3.0000,1329,712,617,0.2323,0.4214,-0.1795,0.3461,-3.5486,3152,1608,1544,0.2362,0.3956,-0.2164,0.3274,-4.1353
0.9000,0.5400,0.4600,4.0000,884,459,425,0.1545,0.4219,-0.2006,0.3326,-3.7012,2093,1076,1017,0.1568,0.4047,-0.1973,0.3421,-3.7187
0.9000,0.5400,0.4600,5.0000,576,316,260,0.1007,0.4271,-0.1954,0.3455,-3.6538,1266,666,600,0.0949,0.4147,-0.1858,0.3515,-3.2749
0.9000,0.5400,0.4600,6.0000,329,196,133,0.0575,0.3891,-0.2148,0.3404,-3.7901,724,421,303,0.0542,0.4047,-0.1936,0.3522,-3.3590
0.9000,0.5400,0.4600,7.0000,182,123,59,0.0318,0.4011,-0.1893,0.3462,-3.1540,437,279,158,0.0327,0.3959,-0.2153,0.3638,-3.3858
0.9000,0.5400,0.4600,8.0000,107,87,20,0.0187,0.4486,-0.2062,0.3551,-3.0865,247,170,77,0.0185,0.4291,-0.1473,0.3968,-2.1162
0.9000,0.5600,0.4400,3.0000,1308,688,620,0.2287,0.4228,-0.1798,0.3456,-3.5644,3119,1566,1553,0.2337,0.3982,-0.2163,0.3267,-4.1462
0.9000,0.5600,0.4400,4.0000,870,444,426,0.1521,0.4218,-0.2040,0.3310,-3.7765,2078,1053,1025,0.1557,0.4076,-0.1950,0.3422,-3.6817
0.9000,0.5600,0.4400,5.0000,570,309,261,0.0997,0.4263,-0.2019,0.3456,-3.7988,1258,651,607,0.0943,0.4165,-0.1824,0.3506,-3.2265
0.9000,0.5600,0.4400,6.0000,327,193,134,0.0572,0.3914,-0.2213,0.3394,-3.9408,719,411,308,0.0539,0.4047,-0.1940,0.3491,-3.3764
0.9000,0.5600,0.4400,7.0000,181,121,60,0.0316,0.4033,-0.2055,0.3425,-3.4745,435,272,163,0.0326,0.3954,-0.2183,0.3609,-3.4211
0.9000,0.5600,0.4400,8.0000,106,85,21,0.0185,0.4528,-0.2340,0.3491,-3.5736,246,165,81,0.0184,0.4268,-0.1442,0.3943,-2.0747
0.9000,0.5800,0.4200,3.0000,1282,659,623,0.2241,0.4267,-0.1751,0.3463,-3.4742,3057,1499,1558,0.2290,0.3988,-0.2179,0.3258,-4.2217
0.9000,0.5800,0.4200,4.0000,860,431,429,0.1503,0.4233,-0.1986,0.3314,-3.6912,2049,1021,1028,0.1535,0.4080,-0.1941,0.3416,-3.6805
0.9000,0.5800,0.4200,5.0000,565,301,264,0.0988,0.4265,-0.1988,0.3469,-3.7498,1247,639,608,0.0934,0.4170,-0.1759,0.3528,-3.1185
0.9000,0.5800,0.4200,6.0000,324,187,137,0.0566,0.3920,-0.2141,0.3426,-3.8363,712,403,309,0.0533,0.4045,-0.1862,0.3525,-3.2483
0.9000,0.5800,0.4200,7.0000,178,117,61,0.0311,0.4045,-0.2073,0.3427,-3.5232,429,266,163,0.0321,0.3939,-0.2107,0.3660,-3.2917
0.9000,0.5800,0.4200,8.0000,102,81,21,0.0178,0.4608,-0.2490,0.3431,-3.8235,242,161,81,0.0181,0.4215,-0.1307,0.4008,-1.8763
0.9000,0.6000,0.4000,3.0000,1255,629,626,0.2194,0.4255,-0.1732,0.3450,-3.4408,2986,1426,1560,0.2237,0.3999,-0.2150,0.3248,-4.1915
0.9000,0.6000,0.4000,4.0000,846,414,432,0.1479,0.4208,-0.1996,0.3286,-3.7201,2014,985,1029,0.1509,0.4081,-0.1934,0.3396,-3.6883
0.9000,0.6000,0.4000,5.0000,554,287,267,0.0969,0.4206,-0.2004,0.3430,-3.8077,1229,620,609,0.0921,0.4158,-0.1766,0.3499,-3.1619
0.9000,0.6000,0.4000,6.0000,319,179,140,0.0558,0.3824,-0.2148,0.3386,-3.8625,700,390,310,0.0524,0.4029,-0.1909,0.3471,-3.3790
0.9000,0.6000,0.4000,7.0000,174,111,63,0.0304,0.3966,-0.1985,0.3391,-3.3714,420,256,164,0.0315,0.3929,-0.2168,0.3595,-3.4283
0.9000,0.6000,0.4000,8.0000,98,76,22,0.0171,0.4592,-0.2389,0.3367,-3.6473,236,154,82,0.0177,0.4195,-0.1294,0.3941,-1.8792
0.9000,0.6200,0.3800,3.0000,1228,600,628,0.2147,0.4235,-0.1742,0.3428,-3.4721,2927,1357,1570,0.2193,0.4011,-0.2135,0.3242,-4.1963
0.9000,0.6200,0.3800,4.0000,832,398,434,0.1455,0.4183,-0.2009,0.3269,-3.7704,1978,942,1036,0.1482,0.4100,-0.1932,0.3377,-3.7216
0.9000,0.6200,0.3800,5.0000,547,278,269,0.0956,0.4186,-0.1965,0.3419,-3.7816,1213,598,615,0.0909,0.4155,-0.1815,0.3454,-3.2682
0.9000,0.6200,0.3800,6.0000,316,174,142,0.0552,0.3797,-0.1990,0.3386,-3.6325,697,383,314,0.0522,0.4032,-0.1981,0.3429,-3.5091
0.9000,0.6200,0.3800,7.0000,170,106,64,0.0297,0.3941,-0.1696,0.3412,-2.9452,420,253,167,0.0315,0.3952,-0.2244,0.3548,-3.5476
0.9000,0.6200,0.3800,8.0000,96,73,23,0.0168,0.4583,-0.2188,0.3333,-3.3913,238,153,85,0.0178,0.4202,-0.1409,0.3866,-2.0484
0.9000,0.6400,0.3600,3.0000,1196,565,631,0.2091,0.4197,-0.1755,0.3395,-3.4778,2851,1279,1572,0.2136,0.4016,-0.2108,0.3244,-4.1558
0.9000,0.6400,0.3600,4.0000,820,383,437,0.1434,0.4159,-0.2016,0.3256,-3.7716,1934,897,1037,0.1449,0.4116,-0.1933,0.3371,-3.7278
0.9000,0.6400,0.3600,5.0000,542,271,271,0.0948,0.4188,-0.1995,0.3395,-3.8396,1188,572,616,0.0890,0.4167,-0.1831,0.3451,-3.2906
0.9000,0.6400,0.3600,6.0000,312,170,142,0.0545,0.3814,-0.2022,0.3365,-3.6861,682,367,315,0.0511,0.4047,-0.1989,0.3416,-3.5297
0.9000,0.6400,0.3600,7.0000,166,102,64,0.0290,0.3976,-0.1748,0.3373,-3.0262,416,248,168,0.0312,0.3966,-0.2231,0.3558,-3.5513
0.9000,0.6400,0.3600,8.0000,95,72,23,0.0166,0.4526,-0.2343,0.3263,-3.6526,235,149,86,0.0176,0.4213,-0.1457,0.3872,-2.1259
0.9000,0.6600,0.3400,3.0000,1157,525,632,0.2023,0.4192,-0.1792,0.3379,-3.9239,2758,1183,1575,0.2066,0.4043,-0.2055,0.3270,-4.0570
0.9000,0.6600,0.3400,4.0000,795,357,438,0.1390,0.4151,-0.2113,0.3245,-4.4971,1880,841,1039,0.1409,0.4138,-0.1889,0.3388,-3.6713
0.9000,0.6600,0.3400,5.0000,526,254,272,0.0920,0.4183,-0.1927,0.3403,-3.7884,1164,547,617,0.0872,0.4184,-0.1822,0.3462,-3.2740
0.9000,0.6600,0.3400,6.0000,303,160,143,0.0530,0.3828,-0.2019,0.3366,-3.6894,668,352,316,0.0500,0.4072,-0.1974,0.3428,-3.4819
0.9000,0.6600,0.3400,7.0000,160,96,64,0.0280,0.4000,-0.1843,0.3312,-3.1676,408,239,169,0.0306,0.3946,-0.2171,0.3603,-3.4281
0.9000,0.6600,0.3400,8.0000,90,67,23,0.0157,0.4556,-0.2488,0.3222,-3.8375,231,144,87,0.0173,0.4156,-0.1355,0.3939,-1.9631
0.9000,0.6800,0.3200,3.0000,1115,482,633,0.1949,0.4179,-0.1818,0.3363,-3.9686,2648,1069,1579,0.1984,0.4109,-0.2028,0.3282,-3.9751
0.9000,0.6800,0.3200,4.0000,771,332,439,0.1348,0.4137,-0.2141,0.3230,-4.5632,1822,780,1042,0.1365,0.4188,-0.1866,0.3375,-3.6126
0.9000,0.6800,0.3200,5.0000,512,240,272,0.0895,0.4141,-0.1959,0.3398,-3.8490,1138,519,619,0.0853,0.4253,-0.1811,0.3445,-3.2436
0.9000,0.6800,0.3200,6.0000,296,153,143,0.0517,0.3818,-0.2077,0.3345,-3.7903,654,337,317,0.0490,0.4128,-0.1925,0.3440,-3.3767
0.9000,0.6800,0.3200,7.0000,155,91,64,0.0271,0.4065,-0.1926,0.3290,-3.3147,401,231,170,0.0300,0.3965,-0.2125,0.3616,-3.3414
0.9000,0.6800,0.3200,8.0000,86,63,23,0.0150,0.4651,-0.2683,0.3140,-4.1486,228,140,88,0.0171,0.4254,-0.1235,0.3991,-1.7885
0.9000,0.7000,0.3000,3.0000,1069,436,633,0.1869,0.4191,-0.1842,0.3377,-4.0502,2544,964,1580,0.1906,0.4116,-0.1967,0.3322,-3.8484
0.9000,0.7000,0.3000,4.0000,742,303,439,0.1297,0.4137,-0.2195,0.3248,-4.7469,1765,722,1043,0.1322,0.4221,-0.1767,0.3428,-3.4217
0.9000,0.7000,0.3000,5.0000,492,220,272,0.0860,0.4126,-0.2033,0.3415,-4.0742,1109,489,620,0.0831,0.4265,-0.1742,0.3481,-3.1235
0.9000,0.7000,0.3000,6.0000,285,142,143,0.0498,0.3789,-0.2203,0.3368,-4.1737,635,317,318,0.0476,0.4126,-0.1904,0.3449,-3.3406
0.9000,0.7000,0.3000,7.0000,147,83,64,0.0257,0.4014,-0.2083,0.3333,-3.7206,386,215,171,0.0289,0.3990,-0.2066,0.3653,-3.2370
0.9000,0.7000,0.3000,8.0000,80,57,23,0.0140,0.4625,-0.3106,0.3125,-5.1037,221,133,88,0.0166,0.4208,-0.1234,0.4027,-1.7938
0.9000,0.7200,0.2800,3.0000,1018,384,634,0.1780,0.4253,-0.1859,0.3409,-4.0921,2444,863,1581,0.1831,0.4104,-0.1984,0.3318,-3.8846
0.9000,0.7200,0.2800,4.0000,715,275,440,0.1250,0.4210,-0.2190,0.3301,-4.7548,1701,657,1044,0.1274,0.4198,-0.1762,0.3439,-3.4369
0.9000,0.7200,0.2800,5.0000,475,202,273,0.0830,0.4189,-0.2025,0.3453,-4.0973,1073,452,621,0.0804,0.4222,-0.1763,0.3448,-3.2009
0.9000,0.7200,0.2800,6.0000,276,132,144,0.0483,0.3768,-0.2210,0.3370,-4.2848,616,297,319,0.0462,0.4075,-0.1943,0.3409,-3.4698
0.9000,0.7200,0.2800,7.0000,138,74,64,0.0241,0.3986,-0.2215,0.3261,-4.0956,373,202,171,0.0279,0.3941,-0.2076,0.3592,-3.3229
0.9000,0.7200,0.2800,8.0000,73,50,23,0.0128,0.4658,-0.3323,0.3014,-5.4511,215,127,88,0.0161,0.4140,-0.1356,0.3953,-1.9870
0.9000,0.7400,0.2600,3.0000,966,330,636,0.1689,0.4348,-0.1899,0.3385,-4.2216,2314,731,1583,0.1734,0.4105,-0.1956,0.3332,-3.8116
0.9000,0.7400,0.2600,4.0000,686,244,442,0.1199,0.4271,-0.2237,0.3309,-4.9449,1613,567,1046,0.1209,0.4191,-0.1771,0.3422,-3.4467
0.9000,0.7400,0.2600,5.0000,454,180,274,0.0794,0.4207,-0.2112,0.3436,-4.3705,1020,398,622,0.0764,0.4225,-0.1795,0.3402,-3.2676
0.9000,0.7400,0.2600,6.0000,261,116,145,0.0456,0.3755,-0.2306,0.3333,-4.6223,590,270,320,0.0442,0.4085,-0.2003,0.3322,-3.5816
0.9000,0.7400,0.2600,7.0000,129,64,65,0.0226,0.3953,-0.1929,0.3333,-3.5640,355,184,171,0.0266,0.3944,-0.2201,0.3493,-3.5248
0.9000,0.7400,0.2600,8.0000,67,43,24,0.0117,0.4478,-0.2769,0.3134,-4.5022,203,115,88,0.0152,0.4089,-0.1692,0.3744,-2.4749
0.9000,0.7600,0.2400,3.0000,918,281,637,0.1605,0.4346,-0.1888,0.3420,-4.2301,2190,604,1586,0.1641,0.4146,-0.1870,0.3361,-3.6522
0.9000,0.7600,0.2400,4.0000,653,210,443,0.1142,0.4242,-0.2242,0.3323,-5.0439,1530,481,1049,0.1146,0.4216,-0.1695,0.3431,-3.3218
0.9000,0.7600,0.2400,5.0000,432,157,275,0.0755,0.4144,-0.2192,0.3403,-4.6407,964,340,624,0.0722,0.4253,-0.1750,0.3382,-3.2167
0.9000,0.7600,0.2400,6.0000,247,101,146,0.0432,0.3644,-0.2429,0.3279,-5.0741,555,233,322,0.0416,0.4144,-0.2004,0.3225,-3.6771
0.9000,0.7600,0.2400,7.0000,124,58,66,0.0217,0.3790,-0.1979,0.3306,-3.8449,329,157,172,0.0246,0.4043,-0.2247,0.3374,-3.7132
0.9000,0.7600,0.2400,8.0000,62,38,24,0.0108,0.4194,-0.2940,0.3065,-5.1328,189,100,89,0.0142,0.4180,-0.1936,0.3545,-2.9485
0.9000,0.7800,0.2200,3.0000,862,224,638,0.1507,0.4408,-0.1751,0.3503,-3.8722,2052,464,1588,0.1537,0.4152,-0.1929,0.3358,-3.7781
0.9000,0.7800,0.2200,4.0000,612,168,444,0.1070,0.4330,-0.2103,0.3366,-4.6880,1430,379,1051,0.1071,0.4224,-0.1759,0.3413,-3.4715
0.9000,0.7800,0.2200,5.0000,404,128,276,0.0706,0.4233,-0.1961,0.3490,-4.1100,898,273,625,0.0673,0.4220,-0.1852,0.3330,-3.4227
0.9000,0.7800,0.2200,6.0000,232,85,147,0.0406,0.3707,-0.2132,0.3405,-4.3905,507,184,323,0.0380,0.4083,-0.2178,0.3136,-4.0622
0.9000,0.7800,0.2200,7.0000,118,51,67,0.0206,0.3814,-0.1856,0.3305,-3.5130,294,121,173,0.0220,0.3946,-0.2450,0.3333,-4.1327
0.9000,0.7800,0.2200,8.0000,61,36,25,0.0107,0.4262,-0.2582,0.3115,-4.3829,165,75,90,0.0124,0.4000,-0.2202,0.3515,-3.4621
0.9000,0.8000,0.2000,3.0000,805,166,639,0.1407,0.4422,-0.1747,0.3540,-3.8630,1924,334,1590,0.1442,0.4215,-0.1890,0.3352,-3.7191
0.9000,0.8000,0.2000,4.0000,579,134,445,0.1012,0.4370,-0.2098,0.3368,-4.6518,1326,274,1052,0.0993,0.4299,-0.1715,0.3409,-3.4031
0.9000,0.8000,0.2000,5.0000,378,101,277,0.0661,0.4286,-0.1947,0.3519,-4.0509,834,208,626,0.0625,0.4305,-0.1776,0.3297,-3.3051
0.9000,0.8000,0.2000,6.0000,215,67,148,0.0376,0.3721,-0.2131,0.3442,-4.3671,467,143,324,0.0350,0.4218,-0.2163,0.3041,-4.0500
0.9000,0.8000,0.2000,7.0000,111,43,68,0.0194,0.3874,-0.1783,0.3333,-3.3887,265,91,174,0.0199,0.4189,-0.2225,0.3283,-3.7308
0.9000,0.8000,0.2000,8.0000,58,32,26,0.0101,0.4138,-0.2658,0.3103,-4.5050,142,51,91,0.0106,0.4366,-0.1860,0.3451,-2.8897
1.0000,0.5000,0.5000,3.0000,1332,734,598,0.2329,0.4159,-0.1899,0.3416,-3.7279,3191,1660,1531,0.2391,0.3949,-0.2139,0.3272,-4.0475
1.0000,0.5000,0.5000,4.0000,885,472,413,0.1547,0.4169,-0.2091,0.3299,-3.8261,2106,1098,1008,0.1578,0.4046,-0.1943,0.3428,-3.6311
1.0000,0.5000,0.5000,5.0000,576,323,253,0.1007,0.4236,-0.2061,0.3420,-3.7947,1270,677,593,0.0952,0.4150,-0.1830,0.3528,-3.2174
1.0000,0.5000,0.5000,6.0000,329,200,129,0.0575,0.3830,-0.2259,0.3343,-3.9394,722,425,297,0.0541,0.4030,-0.1958,0.3518,-3.3976
1.0000,0.5000,0.5000,7.0000,182,126,56,0.0318,0.3901,-0.2061,0.3407,-3.3686,434,281,153,0.0325,0.3940,-0.2170,0.3641,-3.4091
1.0000,0.5000,0.5000,8.0000,107,89,18,0.0187,0.4393,-0.2047,0.3551,-3.0655,244,172,72,0.0183,0.4262,-0.1495,0.3975,-2.1419
1.0000,0.5200,0.4800,3.0000,1332,720,612,0.2329,0.4189,-0.1802,0.3453,-3.5656,3170,1632,1538,0.2375,0.3962,-0.2153,0.3268,-4.0994
1.0000,0.5200,0.4800,4.0000,885,464,421,0.1547,0.4192,-0.1998,0.3333,-3.6861,2101,1088,1013,0.1574,0.4060,-0.1963,0.3422,-3.6829
1.0000,0.5200,0.4800,5.0000,578,319,259,0.1010,0.4239,-0.1957,0.3443,-3.6648,1271,674,597,0.0952,0.4154,-0.1846,0.3517,-3.2446
1.0000,0.5200,0.4800,6.0000,330,198,132,0.0577,0.3848,-0.2154,0.3394,-3.8055,723,423,300,0.0542,0.4039,-0.1964,0.3513,-3.4080
1.0000,0.5200,0.4800,7.0000,182,124,58,0.0318,0.3956,-0.1888,0.3462,-3.1457,437,281,156,0.0327,0.3936,-0.2202,0.3616,-3.4666
1.0000,0.5200,0.4800,8.0000,107,88,19,0.0187,0.4393,-0.2053,0.3551,-3.0737,247,172,75,0.0185,0.4251,-0.1559,0.3927,-2.2433
1.0000,0.5400,0.4600,3.0000,1323,706,617,0.2313,0.4225,-0.1794,0.3454,-3.5480,3151,1605,1546,0.2361,0.3957,-0.2156,0.3272,-4.1263
1.0000,0.5400,0.4600,4.0000,879,454,425,0.1537,0.4232,-0.2003,0.3322,-3.6979,2094,1075,1019,0.1569,0.4050,-0.1960,0.3419,-3.7038
1.0000,0.5400,0.4600,5.0000,573,313,260,0.1002,0.4276,-0.1959,0.3455,-3.6612,1266,665,601,0.0949,0.4147,-0.1837,0.3515,-3.2494
1.0000,0.5400,0.4600,6.0000,327,194,133,0.0572,0.3914,-0.2156,0.3394,-3.8054,724,420,304,0.0542,0.4047,-0.1900,0.3522,-3.3150
1.0000,0.5400,0.4600,7.0000,181,122,59,0.0316,0.4033,-0.1952,0.3425,-3.2538,438,279,159,0.0328,0.3950,-0.2152,0.3630,-3.3882
1.0000,0.5400,0.4600,8.0000,106,86,20,0.0185,0.4528,-0.2164,0.3491,-3.2392,248,170,78,0.0186,0.4274,-0.1474,0.3952,-2.1220
1.0000,0.5600,0.4400,3.0000,1304,681,623,0.2280,0.4241,-0.1756,0.3466,-3.4889,3097,1543,1554,0.2320,0.3988,-0.2141,0.3277,-4.1028
1.0000,0.5600,0.4400,4.0000,869,440,429,0.1519,0.4223,-0.1976,0.3326,-3.6705,2069,1044,1025,0.1550,0.4074,-0.1928,0.3436,-3.6385
1.0000,0.5600,0.4400,5.0000,571,307,264,0.0998,0.4256,-0.1965,0.3468,-3.7018,1254,647,607,0.0940,0.4163,-0.1803,0.3517,-3.1903
1.0000,0.5600,0.4400,6.0000,329,192,137,0.0575,0.3891,-0.2101,0.3435,-3.7529,715,407,308,0.0536,0.4042,-0.1905,0.3510,-3.3147
1.0000,0.5600,0.4400,7.0000,182,121,61,0.0318,0.4011,-0.1995,0.3462,-3.3700,431,268,163,0.0323,0.3944,-0.2127,0.3643,-3.3292
1.0000,0.5600,0.4400,8.0000,106,85,21,0.0185,0.4528,-0.2340,0.3491,-3.5736,244,163,81,0.0183,0.4221,-0.1349,0.3975,-1.9428
1.0000,0.5800,0.4200,3.0000,1270,647,623,0.2220,0.4252,-0.1761,0.3449,-3.4979,3025,1466,1559,0.2266,0.4000,-0.2159,0.3256,-4.1826
1.0000,0.5800,0.4200,4.0000,854,425,429,0.1493,0.4215,-0.2036,0.3279,-3.7838,2033,1004,1029,0.1523,0.4088,-0.1920,0.3419,-3.6445
1.0000,0.5800,0.4200,5.0000,559,295,264,0.0977,0.4240,-0.2064,0.3417,-3.8941,1240,631,609,0.0929,0.4169,-0.1737,0.3532,-3.0861
1.0000,0.5800,0.4200,6.0000,321,184,137,0.0561,0.3894,-0.2225,0.3364,-3.9945,707,397,310,0.0530,0.4045,-0.1830,0.3522,-3.2071
1.0000,0.5800,0.4200,7.0000,176,115,61,0.0308,0.4034,-0.2134,0.3352,-3.6135,426,262,164,0.0319,0.3944,-0.2085,0.3662,-3.2737
1.0000,0.5800,0.4200,8.0000,100,79,21,0.0175,0.4600,-0.2605,0.3300,-3.9746,240,158,82,0.0180,0.4208,-0.1279,0.4000,-1.8519
1.0000,0.6000,0.4000,3.0000,1238,611,627,0.2164,0.4233,-0.1778,0.3417,-3.5345,2957,1391,1566,0.2215,0.4014,-0.2144,0.3243,-4.2064
1.0000,0.6000,0.4000,4.0000,837,404,433,0.1463,0.4182,-0.2056,0.3262,-3.8430,1994,961,1033,0.1494,0.4107,-0.1922,0.3390,-3.6839
1.0000,0.6000,0.4000,5.0000,549,281,268,0.0960,0.4171,-0.2054,0.3406,-3.9198,1223,611,612,0.0916,0.4162,-0.1790,0.3475,-3.2049
1.0000,0.6000,0.4000,6.0000,318,177,141,0.0556,0.3774,-0.2143,0.3365,-3.8638,700,387,313,0.0524,0.4043,-0.1935,0.3457,-3.4252
1.0000,0.6000,0.4000,7.0000,173,109,64,0.0302,0.3873,-0.1975,0.3353,-3.3680,421,255,166,0.0315,0.3943,-0.2226,0.3563,-3.5227
1.0000,0.6000,0.4000,8.0000,98,75,23,0.0171,0.4490,-0.2495,0.3265,-3.8215,238,154,84,0.0178,0.4202,-0.1364,0.3908,-1.9823
1.0000,0.6200,0.3800,3.0000,1215,586,629,0.2124,0.4206,-0.1760,0.3399,-3.5018,2873,1301,1572,0.2153,0.4024,-0.2115,0.3241,-4.1715
1.0000,0.6200,0.3800,4.0000,827,392,435,0.1446,0.4172,-0.2010,0.3265,-3.7696,1945,908,1037,0.1457,0.4113,-0.1942,0.3357,-3.7552
1.0000,0.6200,0.3800,5.0000,544,274,270,0.0951,0.4173,-0.1982,0.3401,-3.8136,1193,577,616,0.0894,0.4158,-0.1837,0.3437,-3.3080
1.0000,0.6200,0.3800,6.0000,313,171,142,0.0547,0.3802,-0.2031,0.3355,-3.7082,685,370,315,0.0513,0.4029,-0.2004,0.3401,-3.5610
1.0000,0.6200,0.3800,7.0000,167,103,64,0.0292,0.3952,-0.1767,0.3353,-3.0670,418,250,168,0.0313,0.3947,-0.2256,0.3541,-3.5977
1.0000,0.6200,0.3800,8.0000,95,72,23,0.0166,0.4526,-0.2343,0.3263,-3.6526,237,151,86,0.0178,0.4177,-0.1508,0.3840,-2.2071
1.0000,0.6400,0.3600,3.0000,1163,532,631,0.2033,0.4205,-0.1755,0.3405,-3.8337,2788,1213,1575,0.2089,0.4039,-0.2069,0.3264,-4.0790
1.0000,0.6400,0.3600,4.0000,799,362,437,0.1397,0.4168,-0.2068,0.3267,-4.3835,1901,862,1039,0.1424,0.4129,-0.1903,0.3382,-3.6859
1.0000,0.6400,0.3600,5.0000,529,258,271,0.0925,0.4216,-0.1865,0.3422,-3.6468,1175,558,617,0.0880,0.4179,-0.1801,0.3464,-3.2326
1.0000,0.6400,0.3600,6.0000,304,162,142,0.0531,0.3849,-0.1969,0.3388,-3.5901,675,359,316,0.0506,0.4074,-0.1955,0.3437,-3.4544
1.0000,0.6400,0.3600,7.0000,161,97,64,0.0281,0.3975,-0.1762,0.3354,-3.0212,413,244,169,0.0309,0.3971,-0.2185,0.3584,-3.4670
1.0000,0.6400,0.3600,8.0000,91,68,23,0.0159,0.4505,-0.2340,0.3297,-3.5941,234,147,87,0.0175,0.4188,-0.1411,0.3889,-2.0524
1.0000,0.6600,0.3400,3.0000,1124,491,633,0.1965,0.4173,-0.1809,0.3372,-3.9512,2673,1096,1577,0.2003,0.4097,-0.2019,0.3288,-3.9656
1.0000,0.6600,0.3400,4.0000,777,338,439,0.1358,0.4131,-0.2122,0.3243,-4.5207,1835,795,1040,0.1375,0.4180,-0.1849,0.3401,-3.5784
1.0000,0.6600,0.3400,5.0000,514,242,272,0.0899,0.4163,-0.1916,0.3424,-3.7579,1148,530,618,0.0860,0.4242,-0.1777,0.3476,-3.1865
1.0000,0.6600,0.3400,6.0000,296,153,143,0.0517,0.3818,-0.2077,0.3345,-3.7903,658,341,317,0.0493,0.4134,-0.1919,0.3450,-3.3733
1.0000,0.6600,0.3400,7.0000,155,91,64,0.0271,0.4065,-0.1926,0.3290,-3.3147,403,233,170,0.0302,0.3995,-0.2117,0.3623,-3.3350
1.0000,0.6600,0.3400,8.0000,86,63,23,0.0150,0.4651,-0.2683,0.3140,-4.1486,228,140,88,0.0171,0.4254,-0.1235,0.3991,-1.7885
1.0000,0.6800,0.3200,3.0000,1076,443,633,0.1881,0.4182,-0.1852,0.3364,-4.0821,2561,981,1580,0.1919,0.4108,-0.1985,0.3307,-3.8881
1.0000,0.6800,0.3200,4.0000,748,309,439,0.1308,0.4131,-0.2199,0.3235,-4.7713,1777,734,1043,0.1331,0.4204,-0.1794,0.3410,-3.4776
1.0000,0.6800,0.3200,5.0000,496,224,272,0.0867,0.4113,-0.2038,0.3407,-4.0979,1115,495,620,0.0835,0.4251,-0.1770,0.3462,-3.1736
1.0000,0.6800,0.3200,6.0000,288,145,143,0.0503,0.3785,-0.2218,0.3333,-4.2222,639,321,318,0.0479,0.4100,-0.1949,0.3427,-3.4156
1.0000,0.6800,0.3200,7.0000,149,85,64,0.0260,0.4027,-0.2076,0.3289,-3.7343,390,219,171,0.0292,0.3949,-0.2137,0.3615,-3.3486
1.0000,0.6800,0.3200,8.0000,81,58,23,0.0142,0.4568,-0.3087,0.3086,-5.1039,223,135,88,0.0167,0.4170,-0.1319,0.3991,-1.9132
1.0000,0.7000,0.3000,3.0000,1018,384,634,0.1780,0.4253,-0.1859,0.3409,-4.0921,2446,865,1581,0.1833,0.4101,-0.1981,0.3320,-3.8804
1.0000,0.7000,0.3000,4.0000,715,275,440,0.1250,0.4210,-0.2190,0.3301,-4.7548,1702,658,1044,0.1275,0.4195,-0.1762,0.3437,-3.4373
1.0000,0.7000,0.3000,5.0000,475,202,273,0.0830,0.4189,-0.2025,0.3453,-4.0973,1073,452,621,0.0804,0.4222,-0.1763,0.3448,-3.2009
1.0000,0.7000,0.3000,6.0000,276,132,144,0.0483,0.3768,-0.2210,0.3370,-4.2848,616,297,319,0.0462,0.4075,-0.1943,0.3409,-3.4698
1.0000,0.7000,0.3000,7.0000,138,74,64,0.0241,0.3986,-0.2215,0.3261,-4.0956,373,202,171,0.0279,0.3941,-0.2076,0.3592,-3.3229
1.0000,0.7000,0.3000,8.0000,73,50,23,0.0128,0.4658,-0.3323,0.3014,-5.4511,215,127,88,0.0161,0.4140,-0.1356,0.3953,-1.9870
1.0000,0.7200,0.2800,3.0000,963,327,636,0.1684,0.4351,-0.1888,0.3396,-4.1944,2310,727,1583,0.1731,0.4113,-0.1949,0.3338,-3.7955
1.0000,0.7200,0.2800,4.0000,684,242,442,0.1196,0.4269,-0.2225,0.3319,-4.9159,1609,563,1046,0.1206,0.4201,-0.1761,0.3431,-3.4232
1.0000,0.7200,0.2800,5.0000,452,178,274,0.0790,0.4204,-0.2094,0.3451,-4.3279,1017,395,622,0.0762,0.4238,-0.1782,0.3412,-3.2406
1.0000,0.7200,0.2800,6.0000,259,114,145,0.0453,0.3745,-0.2276,0.3359,-4.5517,590,270,320,0.0442,0.4085,-0.2003,0.3322,-3.5816
1.0000,0.7200,0.2800,7.0000,128,63,65,0.0224,0.3984,-0.1926,0.3359,-3.5446,355,184,171,0.0266,0.3944,-0.2201,0.3493,-3.5248
1.0000,0.7200,0.2800,8.0000,67,43,24,0.0117,0.4478,-0.2769,0.3134,-4.5022,203,115,88,0.0152,0.4089,-0.1692,0.3744,-2.4749
1.0000,0.7400,0.2600,3.0000,912,275,637,0.1594,0.4353,-0.1862,0.3432,-4.1745,2179,593,1586,0.1633,0.4149,-0.1873,0.3350,-3.6572
1.0000,0.7400,0.2600,4.0000,649,206,443,0.1135,0.4253,-0.2206,0.3328,-4.9762,1522,473,1049,0.1140,0.4212,-0.1693,0.3423,-3.3165
1.0000,0.7400,0.2600,5.0000,430,155,275,0.0752,0.4140,-0.2148,0.3419,-4.5543,957,333,624,0.0717,0.4242,-0.1748,0.3365,-3.2117
1.0000,0.7400,0.2600,6.0000,246,100,146,0.0430,0.3659,-0.2383,0.3293,-4.9912,549,227,322,0.0411,0.4135,-0.1990,0.3206,-3.6496
1.0000,0.7400,0.2600,7.0000,124,58,66,0.0217,0.3790,-0.1979,0.3306,-3.8449,325,153,172,0.0244,0.4031,-0.2192,0.3385,-3.6198
1.0000,0.7400,0.2600,8.0000,62,38,24,0.0108,0.4194,-0.2940,0.3065,-5.1328,187,98,89,0.0140,0.4171,-0.1819,0.3583,-2.7723
1.0000,0.7600,0.2400,3.0000,853,215,638,0.1491,0.4396,-0.1811,0.3482,-4.0530,2039,451,1588,0.1528,0.4164,-0.1907,0.3364,-3.7399
1.0000,0.7600,0.2400,4.0000,608,164,444,0.1063,0.4342,-0.2143,0.3339,-4.7769,1422,371,1051,0.1065,0.4233,-0.1739,0.3418,-3.4401
1.0000,0.7600,0.2400,5.0000,400,124,276,0.0699,0.4250,-0.2020,0.3450,-4.2309,893,268,625,0.0669,0.4233,-0.1844,0.3326,-3.4167
1.0000,0.7600,0.2400,6.0000,229,82,147,0.0400,0.3712,-0.2225,0.3362,-4.5865,503,180,323,0.0377,0.4095,-0.2163,0.3121,-4.0582
1.0000,0.7600,0.2400,7.0000,117,50,67,0.0205,0.3846,-0.1957,0.3248,-3.7188,293,120,173,0.0220,0.3959,-0.2373,0.3345,-4.0359
1.0000,0.7600,0.2400,8.0000,61,36,25,0.0107,0.4262,-0.2582,0.3115,-4.3829,164,74,90,0.0123,0.4024,-0.2064,0.3537,-3.2855
1.0000,0.7800,0.2200,3.0000,799,160,639,0.1397,0.4456,-0.1723,0.3567,-3.8009,1909,318,1591,0.1430,0.4201,-0.1899,0.3353,-3.7564
1.0000,0.7800,0.2200,4.0000,576,131,445,0.1007,0.4392,-0.2085,0.3385,-4.6154,1313,260,1053,0.0984,0.4280,-0.1719,0.3412,-3.4362
1.0000,0.7800,0.2200,5.0000,376,99,277,0.0657,0.4309,-0.1930,0.3537,-4.0082,824,197,627,0.0617,0.4272,-0.1804,0.3289,-3.3861
1.0000,0.7800,0.2200,6.0000,213,65,148,0.0372,0.3756,-0.2103,0.3474,-4.2949,460,135,325,0.0345,0.4196,-0.2219,0.3000,-4.2354
1.0000,0.7800,0.2200,7.0000,110,42,68,0.0192,0.3909,-0.1728,0.3364,-3.2769,259,84,175,0.0194,0.4170,-0.2215,0.3243,-3.7472
1.0000,0.7800,0.2200,8.0000,57,31,26,0.0100,0.4211,-0.2567,0.3158,-4.3247,138,47,91,0.0103,0.4275,-0.1924,0.3406,-3.0917
1.0000,0.8000,0.2000,3.0000,747,108,639,0.1306,0.4391,-0.1603,0.3614,-3.5858,1791,200,1591,0.1342,0.4260,-0.1862,0.3372,-3.6685
1.0000,0.8000,0.2000,4.0000,536,91,445,0.0937,0.4366,-0.1983,0.3414,-4.4660,1219,166,1053,0.0913,0.4356,-0.1665,0.3429,-3.3351
1.0000,0.8000,0.2000,5.0000,349,72,277,0.0610,0.4212,-0.1912,0.3553,-4.0003,752,125,627,0.0563,0.4402,-0.1689,0.3298,-3.1786
1.0000,0.8000,0.2000,6.0000,195,47,148,0.0341,0.3641,-0.1988,0.3590,-4.0956,412,87,325,0.0309,0.4345,-0.2153,0.2985,-4.0710
1.0000,0.8000,0.2000,7.0000,103,35,68,0.0180,0.3883,-0.1851,0.3301,-3.6336,231,56,175,0.0173,0.4329,-0.1988,0.3247,-3.3388
1.0000,0.8000,0.2000,8.0000,52,26,26,0.0091,0.4231,-0.2970,0.3077,-5.2695,123,32,91,0.0092,0.4309,-0.1386,0.3577,-2.2153
1.2000,0.5000,0.5000,3.0000,1332,734,598,0.2329,0.4159,-0.1899,0.3416,-3.7279,3191,1660,1531,0.2391,0.3949,-0.2139,0.3272,-4.0475
1.2000,0.5000,0.5000,4.0000,885,472,413,0.1547,0.4169,-0.2091,0.3299,-3.8261,2106,1098,1008,0.1578,0.4046,-0.1943,0.3428,-3.6311
1.2000,0.5000,0.5000,5.0000,576,323,253,0.1007,0.4236,-0.2061,0.3420,-3.7947,1270,677,593,0.0952,0.4150,-0.1830,0.3528,-3.2174
1.2000,0.5000,0.5000,6.0000,329,200,129,0.0575,0.3830,-0.2259,0.3343,-3.9394,722,425,297,0.0541,0.4030,-0.1958,0.3518,-3.3976
1.2000,0.5000,0.5000,7.0000,182,126,56,0.0318,0.3901,-0.2061,0.3407,-3.3686,434,281,153,0.0325,0.3940,-0.2170,0.3641,-3.4091
1.2000,0.5000,0.5000,8.0000,107,89,18,0.0187,0.4393,-0.2047,0.3551,-3.0655,244,172,72,0.0183,0.4262,-0.1495,0.3975,-2.1419
1.2000,0.5200,0.4800,3.0000,1335,719,616,0.2334,0.4202,-0.1795,0.3453,-3.5544,3167,1629,1538,0.2373,0.3960,-0.2154,0.3268,-4.1021
1.2000,0.5200,0.4800,4.0000,887,463,424,0.1551,0.4205,-0.1997,0.3326,-3.6895,2100,1087,1013,0.1573,0.4057,-0.1971,0.3419,-3.6978
1.2000,0.5200,0.4800,5.0000,578,318,260,0.1010,0.4256,-0.1957,0.3443,-3.6655,1270,673,597,0.0952,0.4150,-0.1858,0.3512,-3.2669
1.2000,0.5200,0.4800,6.0000,330,197,133,0.0577,0.3879,-0.2154,0.3394,-3.8065,723,423,300,0.0542,0.4039,-0.1964,0.3513,-3.4080
1.2000,0.5200,0.4800,7.0000,183,124,59,0.0320,0.3989,-0.1906,0.3443,-3.1832,437,281,156,0.0327,0.3936,-0.2202,0.3616,-3.4666
1.2000,0.5200,0.4800,8.0000,108,88,20,0.0189,0.4444,-0.2082,0.3519,-3.1300,247,172,75,0.0185,0.4251,-0.1559,0.3927,-2.2433
1.2000,0.5400,0.4600,3.0000,1313,694,619,0.2295,0.4227,-0.1802,0.3450,-3.5775,3132,1581,1551,0.2347,0.3972,-0.2173,0.3266,-4.1621
1.2000,0.5400,0.4600,4.0000,873,448,425,0.1526,0.4227,-0.2053,0.3299,-3.8036,2086,1063,1023,0.1563,0.4070,-0.1954,0.3423,-3.6907
1.2000,0.5400,0.4600,5.0000,571,311,260,0.0998,0.4256,-0.2026,0.3433,-3.8152,1261,656,605,0.0945,0.4171,-0.1820,0.3521,-3.2167
1.2000,0.5400,0.4600,6.0000,326,193,133,0.0570,0.3896,-0.2222,0.3374,-3.9512,718,412,306,0.0538,0.4067,-0.1901,0.3510,-3.3149
1.2000,0.5400,0.4600,7.0000,180,121,59,0.0315,0.4000,-0.2070,0.3389,-3.4912,434,273,161,0.0325,0.3986,-0.2119,0.3641,-3.3283
1.2000,0.5400,0.4600,8.0000,105,85,20,0.0184,0.4476,-0.2369,0.3429,-3.6017,246,166,80,0.0184,0.4309,-0.1399,0.3984,-2.0137
1.2000,0.5600,0.4400,3.0000,1282,659,623,0.2241,0.4267,-0.1751,0.3463,-3.4742,3059,1501,1558,0.2292,0.3985,-0.2186,0.3256,-4.2328
1.2000,0.5600,0.4400,4.0000,860,431,429,0.1503,0.4233,-0.1986,0.3314,-3.6912,2051,1023,1028,0.1537,0.4076,-0.1952,0.3413,-3.6976
1.2000,0.5600,0.4400,5.0000,565,301,264,0.0988,0.4265,-0.1988,0.3469,-3.7498,1248,640,608,0.0935,0.4167,-0.1774,0.3526,-3.1416
1.2000,0.5600,0.4400,6.0000,324,187,137,0.0566,0.3920,-0.2141,0.3426,-3.8363,712,403,309,0.0533,0.4045,-0.1862,0.3525,-3.2483
1.2000,0.5600,0.4400,7.0000,178,117,61,0.0311,0.4045,-0.2073,0.3427,-3.5232,429,266,163,0.0321,0.3939,-0.2107,0.3660,-3.2917
1.2000,0.5600,0.4400,8.0000,102,81,21,0.0178,0.4608,-0.2490,0.3431,-3.8235,242,161,81,0.0181,0.4215,-0.1307,0.4008,-1.8763
1.2000,0.5800,0.4200,3.0000,1249,622,627,0.2184,0.4235,-0.1768,0.3435,-3.5168,2968,1406,1562,0.2224,0.4003,-0.2115,0.3251,-4.1323
1.2000,0.5800,0.4200,4.0000,842,409,433,0.1472,0.4181,-0.2044,0.3266,-3.8173,2000,970,1030,0.1498,0.4100,-0.1886,0.3405,-3.6067
1.2000,0.5800,0.4200,5.0000,551,283,268,0.0963,0.4174,-0.2053,0.3412,-3.9103,1224,615,609,0.0917,0.4158,-0.1755,0.3497,-3.1438
1.2000,0.5800,0.4200,6.0000,319,178,141,0.0558,0.3793,-0.2181,0.3354,-3.9261,699,389,310,0.0524,0.4034,-0.1898,0.3476,-3.3590
1.2000,0.5800,0.4200,7.0000,174,110,64,0.0304,0.3908,-0.2044,0.3333,-3.4796,420,256,164,0.0315,0.3929,-0.2168,0.3595,-3.4283
1.2000,0.5800,0.4200,8.0000,98,75,23,0.0171,0.4490,-0.2495,0.3265,-3.8215,236,154,82,0.0177,0.4195,-0.1294,0.3941,-1.8792
1.2000,0.6000,0.4000,3.0000,1215,586,629,0.2124,0.4206,-0.1760,0.3399,-3.5018,2873,1302,1571,0.2153,0.4024,-0.2118,0.3237,-4.1771
1.2000,0.6000,0.4000,4.0000,827,392,435,0.1446,0.4172,-0.2010,0.3265,-3.7696,1944,908,1036,0.1457,0.4115,-0.1946,0.3354,-3.7628
1.2000,0.6000,0.4000,5.0000,544,274,270,0.0951,0.4173,-0.1982,0.3401,-3.8136,1192,577,615,0.0893,0.4161,-0.1844,0.3431,-3.3192
1.2000,0.6000,0.4000,6.0000,313,171,142,0.0547,0.3802,-0.2031,0.3355,-3.7082,684,370,314,0.0512,0.4035,-0.2015,0.3392,-3.5807
1.2000,0.6000,0.4000,7.0000,167,103,64,0.0292,0.3952,-0.1767,0.3353,-3.0670,417,250,167,0.0312,0.3957,-0.2276,0.3525,-3.6272
1.2000,0.6000,0.4000,8.0000,95,72,23,0.0166,0.4526,-0.2343,0.3263,-3.6526,236,151,85,0.0177,0.4195,-0.1539,0.3814,-2.2500
1.2000,0.6200,0.3800,3.0000,1158,527,631,0.2024,0.4197,-0.1784,0.3394,-3.9065,2770,1195,1575,0.2075,0.4040,-0.2068,0.3267,-4.0794
1.2000,0.6200,0.3800,4.0000,794,357,437,0.1388,0.4156,-0.2112,0.3249,-4.4925,1889,850,1039,0.1415,0.4129,-0.1904,0.3383,-3.6954
1.2000,0.6200,0.3800,5.0000,525,254,271,0.0918,0.4190,-0.1926,0.3410,-3.7817,1168,551,617,0.0875,0.4178,-0.1814,0.3467,-3.2584
1.2000,0.6200,0.3800,6.0000,302,160,142,0.0528,0.3841,-0.2017,0.3377,-3.6788,671,355,316,0.0503,0.4054,-0.1959,0.3443,-3.4512
1.2000,0.6200,0.3800,7.0000,160,96,64,0.0280,0.4000,-0.1843,0.3312,-3.1676,410,241,169,0.0307,0.3927,-0.2187,0.3610,-3.4577
1.2000,0.6200,0.3800,8.0000,90,67,23,0.0157,0.4556,-0.2488,0.3222,-3.8375,232,145,87,0.0174,0.4138,-0.1399,0.3922,-2.0278
1.2000,0.6400,0.3600,3.0000,1112,479,633,0.1944,0.4182,-0.1798,0.3372,-3.9285,2628,1049,1579,0.1969,0.4113,-0.2016,0.3288,-3.9485
1.2000,0.6400,0.3600,4.0000,770,331,439,0.1346,0.4130,-0.2123,0.3234,-4.5322,1813,771,1042,0.1358,0.4192,-0.1852,0.3381,-3.5869
1.2000,0.6400,0.3600,5.0000,511,239,272,0.0893,0.4129,-0.1932,0.3405,-3.8027,1134,515,619,0.0850,0.4250,-0.1814,0.3448,-3.2506
1.2000,0.6400,0.3600,6.0000,295,152,143,0.0516,0.3797,-0.2030,0.3356,-3.7143,652,335,317,0.0488,0.4110,-0.1942,0.3436,-3.4098
1.2000,0.6400,0.3600,7.0000,154,90,64,0.0269,0.4026,-0.1835,0.3312,-3.1719,401,231,170,0.0300,0.3965,-0.2125,0.3616,-3.3414
1.2000,0.6400,0.3600,8.0000,85,62,23,0.0149,0.4588,-0.2527,0.3176,-3.9235,228,140,88,0.0171,0.4254,-0.1235,0.3991,-1.7885
1.2000,0.6600,0.3400,3.0000,1057,424,633,0.1848,0.4191,-0.1856,0.3377,-4.0758,2507,927,1580,0.1878,0.4108,-0.1971,0.3323,-3.8456
1.2000,0.6600,0.3400,4.0000,735,296,439,0.1285,0.4163,-0.2190,0.3265,-4.7213,1739,696,1043,0.1303,0.4204,-0.1766,0.3427,-3.4178
1.2000,0.6600,0.3400,5.0000,488,216,272,0.0853,0.4139,-0.2027,0.3422,-4.0548,1091,471,620,0.0817,0.4253,-0.1745,0.3465,-3.1241
1.2000,0.6600,0.3400,6.0000,284,141,143,0.0497,0.3768,-0.2169,0.3380,-4.1121,626,308,318,0.0469,0.4105,-0.1953,0.3419,-3.4235
1.2000,0.6600,0.3400,7.0000,146,82,64,0.0255,0.3973,-0.2017,0.3356,-3.6045,379,208,171,0.0284,0.3958,-0.2104,0.3615,-3.2827
1.2000,0.6600,0.3400,8.0000,79,56,23,0.0138,0.4557,-0.2996,0.3165,-4.9178,220,132,88,0.0165,0.4182,-0.1250,0.4000,-1.8138
1.2000,0.6800,0.3200,3.0000,988,352,636,0.1727,0.4291,-0.1922,0.3391,-4.2597,2369,787,1582,0.1775,0.4107,-0.1947,0.3343,-3.8093
1.2000,0.6800,0.3200,4.0000,698,256,442,0.1220,0.4255,-0.2257,0.3324,-4.9548,1648,603,1045,0.1235,0.4211,-0.1731,0.3453,-3.3764
1.2000,0.6800,0.3200,5.0000,464,190,274,0.0811,0.4181,-0.2135,0.3470,-4.3780,1037,416,621,0.0777,0.4243,-0.1740,0.3443,-3.1698
1.2000,0.6800,0.3200,6.0000,271,126,145,0.0474,0.3727,-0.2338,0.3395,-4.6247,597,278,319,0.0447,0.4104,-0.1939,0.3384,-3.4563
1.2000,0.6800,0.3200,7.0000,137,72,65,0.0240,0.3942,-0.2187,0.3358,-4.0214,360,189,171,0.0270,0.3972,-0.2114,0.3556,-3.3697
1.2000,0.6800,0.3200,8.0000,73,49,24,0.0128,0.4521,-0.3242,0.3151,-5.2943,206,118,88,0.0154,0.4126,-0.1503,0.3835,-2.1856
1.2000,0.7000,0.3000,3.0000,926,290,636,0.1619,0.4341,-0.1865,0.3423,-4.1800,2217,631,1586,0.1661,0.4145,-0.1905,0.3360,-3.7171
1.2000,0.7000,0.3000,4.0000,659,217,442,0.1152,0.4234,-0.2212,0.3323,-4.9695,1543,494,1049,0.1156,0.4232,-0.1713,0.3448,-3.3460
1.2000,0.7000,0.3000,5.0000,436,162,274,0.0762,0.4151,-0.2138,0.3417,-4.5124,972,348,624,0.0728,0.4280,-0.1790,0.3395,-3.2714
1.2000,0.7000,0.3000,6.0000,249,104,145,0.0435,0.3655,-0.2333,0.3333,-4.8307,560,238,322,0.0420,0.4161,-0.2070,0.3232,-3.7535
1.2000,0.7000,0.3000,7.0000,123,58,65,0.0215,0.3821,-0.1978,0.3333,-3.8272,332,160,172,0.0249,0.4036,-0.2353,0.3373,-3.8238
1.2000,0.7000,0.3000,8.0000,62,38,24,0.0108,0.4194,-0.2940,0.3065,-5.1328,191,102,89,0.0143,0.4188,-0.2082,0.3560,-3.0944
1.2000,0.7200,0.2800,3.0000,866,228,638,0.1514,0.4411,-0.1748,0.3510,-3.8695,2063,475,1588,0.1546,0.4144,-0.1935,0.3354,-3.7965
1.2000,0.7200,0.2800,4.0000,616,172,444,0.1077,0.4334,-0.2097,0.3377,-4.6795,1437,386,1051,0.1077,0.4203,-0.1764,0.3417,-3.4838
1.2000,0.7200,0.2800,5.0000,406,130,276,0.0710,0.4236,-0.1960,0.3498,-4.1100,904,279,625,0.0677,0.4192,-0.1854,0.3341,-3.4315
1.2000,0.7200,0.2800,6.0000,234,87,147,0.0409,0.3718,-0.2129,0.3419,-4.3883,511,188,323,0.0383,0.4051,-0.2199,0.3131,-4.1096
1.2000,0.7200,0.2800,7.0000,119,52,67,0.0208,0.3866,-0.1799,0.3361,-3.4088,298,125,173,0.0223,0.3893,-0.2482,0.3322,-4.2046
1.2000,0.7200,0.2800,8.0000,61,36,25,0.0107,0.4262,-0.2582,0.3115,-4.3829,168,78,90,0.0126,0.3929,-0.2208,0.3512,-3.4975
1.2000,0.7400,0.2600,3.0000,803,164,639,0.1404,0.4433,-0.1733,0.3549,-3.8297,1920,329,1591,0.1439,0.4219,-0.1886,0.3359,-3.7171
1.2000,0.7400,0.2600,4.0000,578,133,445,0.1010,0.4377,-0.2088,0.3374,-4.6284,1322,269,1053,0.0990,0.4304,-0.1708,0.3419,-3.3986
1.2000,0.7400,0.2600,5.0000,377,100,277,0.0659,0.4297,-0.1931,0.3528,-4.0162,832,205,627,0.0623,0.4315,-0.1766,0.3305,-3.3013
1.2000,0.7400,0.2600,6.0000,214,66,148,0.0374,0.3738,-0.2105,0.3458,-4.3079,465,140,325,0.0348,0.4237,-0.2146,0.3054,-4.0527
1.2000,0.7400,0.2600,7.0000,110,42,68,0.0192,0.3909,-0.1728,0.3364,-3.2769,263,88,175,0.0197,0.4221,-0.2195,0.3308,-3.7233
1.2000,0.7400,0.2600,8.0000,57,31,26,0.0100,0.4211,-0.2567,0.3158,-4.3247,140,49,91,0.0105,0.4357,-0.1962,0.3429,-3.1568
1.2000,0.7600,0.2400,3.0000,747,108,639,0.1306,0.4391,-0.1603,0.3614,-3.5858,1796,205,1591,0.1346,0.4254,-0.1880,0.3374,-3.6871
1.2000,0.7600,0.2400,4.0000,536,91,445,0.0937,0.4366,-0.1983,0.3414,-4.4660,1224,171,1053,0.0917,0.4346,-0.1693,0.3431,-3.3659
1.2000,0.7600,0.2400,5.0000,349,72,277,0.0610,0.4212,-0.1912,0.3553,-4.0003,756,129,627,0.0566,0.4378,-0.1736,0.3307,-3.2317
1.2000,0.7600,0.2400,6.0000,195,47,148,0.0341,0.3641,-0.1988,0.3590,-4.0956,412,87,325,0.0309,0.4345,-0.2153,0.2985,-4.0710
1.2000,0.7600,0.2400,7.0000,103,35,68,0.0180,0.3883,-0.1851,0.3301,-3.6336,231,56,175,0.0173,0.4329,-0.1988,0.3247,-3.3388
1.2000,0.7600,0.2400,8.0000,52,26,26,0.0091,0.4231,-0.2970,0.3077,-5.2695,123,32,91,0.0092,0.4309,-0.1386,0.3577,-2.2153
1.2000,0.7800,0.2200,3.0000,701,59,642,0.1226,0.4379,-0.1573,0.3680,-3.4591,1711,120,1591,0.1282,0.4302,-0.1868,0.3419,-3.7196
1.2000,0.7800,0.2200,4.0000,506,58,448,0.0885,0.4308,-0.1871,0.3538,-4.1293,1154,101,1053,0.0865,0.4428,-0.1665,0.3492,-3.3994
1.2000,0.7800,0.2200,5.0000,325,46,279,0.0568,0.4123,-0.1824,0.3662,-3.7541,712,85,627,0.0533,0.4452,-0.1656,0.3371,-3.1969
1.2000,0.7800,0.2200,6.0000,181,31,150,0.0316,0.3591,-0.1850,0.3702,-3.7839,386,61,325,0.0289,0.4404,-0.2281,0.3005,-4.5512
1.2000,0.7800,0.2200,7.0000,93,23,70,0.0163,0.3763,-0.1710,0.3441,-3.2891,213,38,175,0.0160,0.4413,-0.2186,0.3239,-3.8905
1.2000,0.7800,0.2200,8.0000,44,17,27,0.0077,0.4318,-0.2528,0.3409,-4.2131,113,22,91,0.0085,0.4336,-0.1986,0.3363,-3.5624
1.2000,0.8000,0.2000,3.0000,680,36,644,0.1189,0.4338,-0.1519,0.3706,-3.3214,1646,48,1598,0.1233,0.4350,-0.1765,0.3463,-3.5353
1.2000,0.8000,0.2000,4.0000,486,36,450,0.0850,0.4259,-0.1822,0.3560,-3.9905,1104,44,1060,0.0827,0.4484,-0.1578,0.3524,-3.2399
1.2000,0.8000,0.2000,5.0000,310,29,281,0.0542,0.4065,-0.1744,0.3710,-3.5570,670,38,632,0.0502,0.4507,-0.1529,0.3418,-2.9852
1.2000,0.8000,0.2000,6.0000,170,18,152,0.0297,0.3471,-0.1714,0.3765,-3.4799,359,29,330,0.0269,0.4485,-0.2041,0.3092,-4.2027
1.2000,0.8000,0.2000,7.0000,84,13,71,0.0147,0.3690,-0.1614,0.3333,-3.0742,198,19,179,0.0148,0.4545,-0.1921,0.3283,-3.5950
1.2000,0.8000,0.2000,8.0000,38,10,28,0.0066,0.3947,-0.2438,0.3421,-4.0182,103,11,92,0.0077,0.4660,-0.1727,0.3301,-3.3680
1.5000,0.5000,0.5000,3.0000,1332,734,598,0.2329,0.4159,-0.1899,0.3416,-3.7279,3191,1660,1531,0.2391,0.3949,-0.2139,0.3272,-4.0475
1.5000,0.5000,0.5000,4.0000,885,472,413,0.1547,0.4169,-0.2091,0.3299,-3.8261,2106,1098,1008,0.1578,0.4046,-0.1943,0.3428,-3.6311
1.5000,0.5000,0.5000,5.0000,576,323,253,0.1007,0.4236,-0.2061,0.3420,-3.7947,1270,677,593,0.0952,0.4150,-0.1830,0.3528,-3.2174
1.5000,0.5000,0.5000,6.0000,329,200,129,0.0575,0.3830,-0.2259,0.3343,-3.9394,722,425,297,0.0541,0.4030,-0.1958,0.3518,-3.3976
1.5000,0.5000,0.5000,7.0000,182,126,56,0.0318,0.3901,-0.2061,0.3407,-3.3686,434,281,153,0.0325,0.3940,-0.2170,0.3641,-3.4091
1.5000,0.5000,0.5000,8.0000,107,89,18,0.0187,0.4393,-0.2047,0.3551,-3.0655,244,172,72,0.0183,0.4262,-0.1495,0.3975,-2.1419
1.5000,0.5200,0.4800,3.0000,1332,716,616,0.2329,0.4204,-0.1790,0.3461,-3.5404,3163,1622,1541,0.2370,0.3961,-0.2153,0.3272,-4.0988
1.5000,0.5200,0.4800,4.0000,885,461,424,0.1547,0.4215,-0.1995,0.3333,-3.6821,2099,1085,1014,0.1573,0.4054,-0.1964,0.3421,-3.6859
1.5000,0.5200,0.4800,5.0000,576,316,260,0.1007,0.4271,-0.1954,0.3455,-3.6538,1270,672,598,0.0952,0.4150,-0.1850,0.3512,-3.2558
1.5000,0.5200,0.4800,6.0000,329,196,133,0.0575,0.3891,-0.2148,0.3404,-3.7901,724,423,301,0.0542,0.4033,-0.1966,0.3508,-3.4127
1.5000,0.5200,0.4800,7.0000,182,123,59,0.0318,0.4011,-0.1893,0.3462,-3.1540,437,281,156,0.0327,0.3936,-0.2202,0.3616,-3.4666
1.5000,0.5200,0.4800,8.0000,107,87,20,0.0187,0.4486,-0.2062,0.3551,-3.0865,247,172,75,0.0185,0.4251,-0.1559,0.3927,-2.2433
1.5000,0.5400,0.4600,3.0000,1305,683,622,0.2281,0.4238,-0.1752,0.3471,-3.4823,3098,1544,1554,0.2321,0.3986,-0.2142,0.3276,-4.1058
1.5000,0.5400,0.4600,4.0000,868,440,428,0.1517,0.4228,-0.1972,0.3329,-3.6606,2070,1045,1025,0.1551,0.4072,-0.1930,0.3435,-3.6430
1.5000,0.5400,0.4600,5.0000,570,307,263,0.0997,0.4263,-0.1958,0.3474,-3.6865,1255,648,607,0.0940,0.4159,-0.1807,0.3514,-3.1974
1.5000,0.5400,0.4600,6.0000,328,192,136,0.0573,0.3902,-0.2089,0.3445,-3.7279,716,408,308,0.0536,0.4036,-0.1911,0.3506,-3.3268
1.5000,0.5400,0.4600,7.0000,182,121,61,0.0318,0.4011,-0.1995,0.3462,-3.3700,432,269,163,0.0324,0.3935,-0.2136,0.3634,-3.3470
1.5000,0.5400,0.4600,8.0000,106,85,21,0.0185,0.4528,-0.2340,0.3491,-3.5736,244,163,81,0.0183,0.4221,-0.1349,0.3975,-1.9428
1.5000,0.5600,0.4400,3.0000,1257,631,626,0.2198,0.4256,-0.1738,0.3445,-3.4536,2992,1432,1560,0.2242,0.4001,-0.2151,0.3249,-4.1974
1.5000,0.5600,0.4400,4.0000,847,415,432,0.1481,0.4215,-0.2002,0.3282,-3.7320,2016,987,1029,0.1510,0.4082,-0.1930,0.3398,-3.6830
1.5000,0.5600,0.4400,5.0000,555,288,267,0.0970,0.4216,-0.2013,0.3423,-3.8262,1230,621,609,0.0922,0.4163,-0.1761,0.3504,-3.1525
1.5000,0.5600,0.4400,6.0000,320,180,140,0.0559,0.3844,-0.2162,0.3375,-3.8926,701,391,310,0.0525,0.4037,-0.1899,0.3481,-3.3625
1.5000,0.5600,0.4400,7.0000,175,112,63,0.0306,0.4000,-0.2012,0.3371,-3.4247,421,257,164,0.0315,0.3943,-0.2151,0.3610,-3.4033
1.5000,0.5600,0.4400,8.0000,98,76,22,0.0171,0.4592,-0.2389,0.3367,-3.6473,237,155,82,0.0178,0.4219,-0.1268,0.3966,-1.8432
1.5000,0.5800,0.4200,3.0000,1215,586,629,0.2124,0.4206,-0.1760,0.3399,-3.5018,2879,1308,1571,0.2157,0.4022,-0.2128,0.3237,-4.1923
1.5000,0.5800,0.4200,4.0000,827,392,435,0.1446,0.4172,-0.2010,0.3265,-3.7696,1948,912,1036,0.1460,0.4117,-0.1945,0.3357,-3.7620
1.5000,0.5800,0.4200,5.0000,544,274,270,0.0951,0.4173,-0.1982,0.3401,-3.8136,1196,581,615,0.0896,0.4164,-0.1842,0.3436,-3.3190
1.5000,0.5800,0.4200,6.0000,313,171,142,0.0547,0.3802,-0.2031,0.3355,-3.7082,686,372,314,0.0514,0.4038,-0.2022,0.3397,-3.5945
1.5000,0.5800,0.4200,7.0000,167,103,64,0.0292,0.3952,-0.1767,0.3353,-3.0670,417,250,167,0.0312,0.3957,-0.2276,0.3525,-3.6272
1.5000,0.5800,0.4200,8.0000,95,72,23,0.0166,0.4526,-0.2343,0.3263,-3.6526,236,151,85,0.0177,0.4195,-0.1539,0.3814,-2.2500
1.5000,0.6000,0.4000,3.0000,1150,518,632,0.2010,0.4200,-0.1784,0.3383,-3.9029,2746,1171,1575,0.2057,0.4053,-0.2062,0.3267,-4.0660
1.5000,0.6000,0.4000,4.0000,792,354,438,0.1385,0.4154,-0.2098,0.3258,-4.4608,1878,839,1039,0.1407,0.4137,-0.1896,0.3381,-3.6861
1.5000,0.6000,0.4000,5.0000,524,252,272,0.0916,0.4179,-0.1904,0.3416,-3.7407,1163,546,617,0.0871,0.4187,-0.1824,0.3457,-3.2759
1.5000,0.6000,0.4000,6.0000,302,159,143,0.0528,0.3841,-0.1986,0.3377,-3.6310,667,351,316,0.0500,0.4078,-0.1977,0.3418,-3.4855
1.5000,0.6000,0.4000,7.0000,159,95,64,0.0278,0.4025,-0.1779,0.3333,-3.0600,408,239,169,0.0306,0.3946,-0.2171,0.3603,-3.4281
1.5000,0.6000,0.4000,8.0000,89,66,23,0.0156,0.4607,-0.2382,0.3258,-3.6700,231,144,87,0.0173,0.4156,-0.1355,0.3939,-1.9631
1.5000,0.6200,0.3800,3.0000,1089,456,633,0.1904,0.4187,-0.1806,0.3379,-3.9469,2581,1001,1580,0.1934,0.4115,-0.2003,0.3289,-3.9212
1.5000,0.6200,0.3800,4.0000,755,316,439,0.1320,0.4132,-0.2134,0.3245,-4.5718,1790,747,1043,0.1341,0.4201,-0.1814,0.3391,-3.5128
1.5000,0.6200,0.3800,5.0000,502,230,272,0.0878,0.4124,-0.1958,0.3406,-3.8788,1121,501,620,0.0840,0.4255,-0.1773,0.3452,-3.1729
1.5000,0.6200,0.3800,6.0000,291,148,143,0.0509,0.3780,-0.2073,0.3368,-3.8378,641,323,318,0.0480,0.4119,-0.1913,0.3432,-3.3440
1.5000,0.6200,0.3800,7.0000,152,88,64,0.0266,0.4013,-0.1800,0.3355,-3.0967,392,221,171,0.0294,0.3980,-0.2078,0.3622,-3.2455
1.5000,0.6200,0.3800,8.0000,84,61,23,0.0147,0.4524,-0.2552,0.3214,-3.9393,225,137,88,0.0169,0.4222,-0.1223,0.4000,-1.7680
1.5000,0.6400,0.3600,3.0000,1010,376,634,0.1766,0.4267,-0.1873,0.3406,-4.1127,2423,841,1582,0.1815,0.4102,-0.1967,0.3331,-3.8550
1.5000,0.6400,0.3600,4.0000,710,270,440,0.1241,0.4211,-0.2206,0.3310,-4.7789,1686,641,1045,0.1263,0.4205,-0.1731,0.3458,-3.3836
1.5000,0.6400,0.3600,5.0000,471,198,273,0.0823,0.4183,-0.2049,0.3461,-4.1350,1062,441,621,0.0796,0.4237,-0.1712,0.3465,-3.1211
1.5000,0.6400,0.3600,6.0000,272,128,144,0.0476,0.3750,-0.2255,0.3382,-4.3504,610,291,319,0.0457,0.4082,-0.1930,0.3426,-3.4373
1.5000,0.6400,0.3600,7.0000,136,72,64,0.0238,0.3971,-0.2241,0.3309,-4.1159,370,199,171,0.0277,0.3946,-0.2051,0.3622,-3.2721
1.5000,0.6400,0.3600,8.0000,72,49,23,0.0126,0.4583,-0.3358,0.3056,-5.4742,214,126,88,0.0160,0.4112,-0.1326,0.3972,-1.9402
1.5000,0.6600,0.3400,3.0000,944,308,636,0.1650,0.4333,-0.1874,0.3400,-4.1955,2252,666,1586,0.1687,0.4130,-0.1913,0.3357,-3.7108
1.5000,0.6600,0.3400,4.0000,670,228,442,0.1171,0.4254,-0.2202,0.3313,-4.9355,1566,517,1049,0.1173,0.4221,-0.1710,0.3455,-3.3063
1.5000,0.6600,0.3400,5.0000,441,167,274,0.0771,0.4195,-0.2085,0.3447,-4.3747,990,366,624,0.0742,0.4253,-0.1740,0.3424,-3.1435
1.5000,0.6600,0.3400,6.0000,252,107,145,0.0441,0.3690,-0.2276,0.3373,-4.6753,571,249,322,0.0428,0.4133,-0.1996,0.3292,-3.5410
1.5000,0.6600,0.3400,7.0000,124,59,65,0.0217,0.3871,-0.1880,0.3387,-3.6200,340,168,172,0.0255,0.4029,-0.2181,0.3471,-3.4480
1.5000,0.6600,0.3400,8.0000,63,39,24,0.0110,0.4286,-0.2731,0.3175,-4.7294,196,107,89,0.0147,0.4184,-0.1696,0.3724,-2.4502
1.5000,0.6800,0.3200,3.0000,868,230,638,0.1517,0.4401,-0.1769,0.3502,-3.9079,2067,479,1588,0.1549,0.4146,-0.1903,0.3367,-3.7128
1.5000,0.6800,0.3200,4.0000,618,174,444,0.1080,0.4320,-0.2125,0.3366,-4.7300,1441,390,1051,0.1080,0.4205,-0.1717,0.3435,-3.3667
1.5000,0.6800,0.3200,5.0000,408,132,276,0.0713,0.4216,-0.2003,0.3480,-4.1868,907,282,625,0.0680,0.4201,-0.1789,0.3363,-3.2777
1.5000,0.6800,0.3200,6.0000,235,88,147,0.0411,0.3702,-0.2134,0.3404,-4.4079,512,189,323,0.0384,0.4062,-0.2125,0.3145,-3.9002
1.5000,0.6800,0.3200,7.0000,120,53,67,0.0210,0.3833,-0.1811,0.3333,-3.4466,299,126,173,0.0224,0.3913,-0.2355,0.3344,-3.8889
1.5000,0.6800,0.3200,8.0000,61,36,25,0.0107,0.4262,-0.2582,0.3115,-4.3829,169,79,90,0.0127,0.3964,-0.1984,0.3550,-3.0265
1.5000,0.7000,0.3000,3.0000,797,158,639,0.1393,0.4454,-0.1715,0.3576,-3.7809,1906,315,1591,0.1428,0.4203,-0.1897,0.3353,-3.7506
1.5000,0.7000,0.3000,4.0000,574,129,445,0.1003,0.4390,-0.2075,0.3397,-4.5895,1312,259,1053,0.0983,0.4284,-0.1720,0.3415,-3.4351
1.5000,0.7000,0.3000,5.0000,374,97,277,0.0654,0.4305,-0.1913,0.3556,-3.9689,823,196,627,0.0617,0.4277,-0.1805,0.3293,-3.3845
1.5000,0.7000,0.3000,6.0000,211,63,148,0.0369,0.3744,-0.2075,0.3507,-4.2284,460,135,325,0.0345,0.4196,-0.2219,0.3000,-4.2354
1.5000,0.7000,0.3000,7.0000,109,41,68,0.0191,0.3945,-0.1652,0.3394,-3.1337,259,84,175,0.0194,0.4170,-0.2215,0.3243,-3.7472
1.5000,0.7000,0.3000,8.0000,56,30,26,0.0098,0.4286,-0.2435,0.3214,-4.0893,138,47,91,0.0103,0.4275,-0.1924,0.3406,-3.0917
1.5000,0.7200,0.2800,3.0000,737,98,639,0.1288,0.4355,-0.1603,0.3609,-3.5821,1764,173,1591,0.1322,0.4263,-0.1895,0.3379,-3.7848
1.5000,0.7200,0.2800,4.0000,528,83,445,0.0923,0.4318,-0.1969,0.3428,-4.4305,1197,144,1053,0.0897,0.4369,-0.1702,0.3442,-3.4749
1.5000,0.7200,0.2800,5.0000,344,67,277,0.0601,0.4128,-0.1913,0.3547,-4.0043,736,109,627,0.0551,0.4416,-0.1763,0.3302,-3.4121
1.5000,0.7200,0.2800,6.0000,192,44,148,0.0336,0.3542,-0.1989,0.3542,-4.1234,402,77,325,0.0301,0.4378,-0.2312,0.2960,-4.6491
1.5000,0.7200,0.2800,7.0000,100,32,68,0.0175,0.3700,-0.1850,0.3200,-3.6641,224,49,175,0.0168,0.4375,-0.2181,0.3214,-3.9218
1.5000,0.7200,0.2800,8.0000,50,24,26,0.0087,0.4000,-0.2895,0.3000,-5.2107,118,27,91,0.0088,0.4322,-0.1820,0.3475,-3.2822
1.5000,0.7400,0.2600,3.0000,687,44,643,0.1201,0.4381,-0.1557,0.3697,-3.4027,1682,88,1594,0.1260,0.4328,-0.1817,0.3448,-3.6299
1.5000,0.7400,0.2600,4.0000,492,43,449,0.0860,0.4309,-0.1857,0.3557,-4.0630,1133,77,1056,0.0849,0.4448,-0.1644,0.3513,-3.3557
1.5000,0.7400,0.2600,5.0000,315,35,280,0.0551,0.4127,-0.1816,0.3683,-3.6994,696,66,630,0.0521,0.4483,-0.1641,0.3391,-3.1697
1.5000,0.7400,0.2600,6.0000,173,22,151,0.0302,0.3584,-0.1847,0.3757,-3.7181,376,48,328,0.0282,0.4441,-0.2262,0.3032,-4.5146
1.5000,0.7400,0.2600,7.0000,87,16,71,0.0152,0.3793,-0.1734,0.3448,-3.2603,209,32,177,0.0157,0.4450,-0.2229,0.3206,-4.0042
1.5000,0.7400,0.2600,8.0000,41,13,28,0.0072,0.4146,-0.2633,0.3659,-4.2973,110,18,92,0.0082,0.4455,-0.2033,0.3273,-3.7290
1.5000,0.7600,0.2400,3.0000,666,22,644,0.1164,0.4309,-0.1504,0.3724,-3.2691,1633,35,1598,0.1223,0.4336,-0.1763,0.3466,-3.5240
1.5000,0.7600,0.2400,4.0000,472,22,450,0.0825,0.4216,-0.1810,0.3581,-3.9303,1093,33,1060,0.0819,0.4474,-0.1566,0.3532,-3.2060
1.5000,0.7600,0.2400,5.0000,300,19,281,0.0524,0.4000,-0.1733,0.3733,-3.4964,661,29,632,0.0495,0.4493,-0.1522,0.3419,-2.9609
1.5000,0.7600,0.2400,6.0000,167,15,152,0.0292,0.3413,-0.1742,0.3772,-3.5081,351,21,330,0.0263,0.4444,-0.2039,0.3077,-4.1777
1.5000,0.7600,0.2400,7.0000,81,10,71,0.0142,0.3580,-0.1669,0.3333,-3.1242,192,13,179,0.0144,0.4531,-0.1919,0.3229,-3.5689
1.5000,0.7600,0.2400,8.0000,36,8,28,0.0063,0.3611,-0.2591,0.3333,-4.1663,99,7,92,0.0074,0.4646,-0.1631,0.3232,-3.1535
1.5000,0.7800,0.2200,3.0000,650,6,644,0.1136,0.4308,-0.1483,0.3754,-3.2109,1608,7,1601,0.1205,0.4310,-0.1711,0.3501,-3.4164
1.5000,0.7800,0.2200,4.0000,456,6,450,0.0797,0.4211,-0.1792,0.3618,-3.8661,1069,6,1063,0.0801,0.4443,-0.1486,0.3583,-3.0416
1.5000,0.7800,0.2200,5.0000,287,6,281,0.0502,0.4007,-0.1747,0.3763,-3.4916,641,6,635,0.0480,0.4477,-0.1410,0.3479,-2.7444
1.5000,0.7800,0.2200,6.0000,157,5,152,0.0274,0.3439,-0.1824,0.3758,-3.6329,338,6,332,0.0253,0.4408,-0.1946,0.3136,-4.0059
1.5000,0.7800,0.2200,7.0000,75,4,71,0.0131,0.3733,-0.1695,0.3333,-3.1080,185,4,181,0.0139,0.4432,-0.1750,0.3351,-3.2843
1.5000,0.7800,0.2200,8.0000,32,4,28,0.0056,0.4062,-0.2502,0.3438,-3.8672,95,3,92,0.0071,0.4737,-0.1329,0.3368,-2.5927
1.5000,0.8000,0.2000,3.0000,644,0,644,0.1126,0.4317,-0.1451,0.3773,-3.1721,1601,0,1601,0.1200,0.4316,-0.1709,0.3504,-3.4068
1.5000,0.8000,0.2000,4.0000,450,0,450,0.0787,0.4222,-0.1749,0.3644,-3.8277,1063,0,1063,0.0796,0.4450,-0.1486,0.3584,-3.0347
1.5000,0.8000,0.2000,5.0000,281,0,281,0.0491,0.4021,-0.1678,0.3808,-3.4140,635,0,635,0.0476,0.4488,-0.1409,0.3480,-2.7325
1.5000,0.8000,0.2000,6.0000,152,0,152,0.0266,0.3421,-0.1731,0.3816,-3.5719,332,0,332,0.0249,0.4428,-0.1954,0.3133,-3.9946
1.5000,0.8000,0.2000,7.0000,71,0,71,0.0124,0.3662,-0.1489,0.3380,-2.9234,181,0,181,0.0136,0.4475,-0.1757,0.3370,-3.2667
1.5000,0.8000,0.2000,8.0000,28,0,28,0.0049,0.3929,-0.2093,0.3571,-3.5809,92,0,92,0.0069,0.4891,-0.1281,0.3478,-2.4651
